2ndRef_1,Temp_1,SC_1
1.373479799949564,65535,22768,10814
6.383803899982013,65535,22763,10818
11.393550099921413,65535,22769,10814
16.403870499925688,65535,22769,10815
21.40156319993548,65535,22770,10815
26.408682599896565,65535,22774,10814
31.4183557999786,65535,22773,10813
36.41741569992155,65535,22775,10814
41.427651799982414,65535,22781,10814
46.437137899920344,65535,22784,10813
51.44694959989283,65535,22784,10814
56.45818969991524,65535,22788,10812
61.46841729991138,65535,22782,10814
66.47376669989899,65535,22785,10815
71.48511889996007,65535,22784,10816
76.49466509988997,65535,22786,10816
81.49318349990062,65535,22786,10815
86.50217809993774,65535,22791,10815
91.49715579999611,65535,22793,10815
96.50649780000094,65535,22797,10816
101.50225929997396,65535,22797,10816
106.52535739995074,65535,22800,10817
111.52158329996746,65535,22804,10815
116.53438139997888,65535,22815,10819
121.54272739996668,65535,22827,10817
126.55380479991436,65535,22833,10817
131.56656009994913,65535,22842,10818
136.57572079997044,65535,22858,10819
141.5869795999024,65535,22867,10822
146.59459799993783,65535,22880,10821
151.60797459993046,65535,22886,10819
156.61425079999026,65535,22899,10819
161.62395749997813,65535,22914,10819
166.6349846998928,65535,22921,10819
171.63069769996218,65535,22927,10820
176.64284989994485,65535,22933,10812
181.65048309997655,65535,22930,10811
186.66030709992629,65535,22925,10812
191.65889659989625,65535,22916,10812
196.66979179996997,65535,22904,10812
201.68077689991333,65535,22896,10810
206.6872864998877,65535,22889,10811
211.6972063999856,65535,22881,10812
216.6953926999122,65535,22878,10811
221.7061095999088,65535,22872,10811
226.71674939990044,65535,22874,10818
231.72458339994773,65535,22891,10818
236.73313469998538,65535,22913,10821
241.74449829990044,65535,22934,10820
246.75381659995764,65535,22952,10820
251.7508058999665,65535,22972,10819
256.775767599931,65535,22984,10813
261.7748606998939,65535,22991,10813
266.78492739994545,65535,22984,10818
271.7946716999868,65535,22977,10820
276.806405399926,65535,22995,10820
281.8160706999479,65535,23009,10819
286.82646279991604,65535,23024,10820
291.83700769999996,65535,23038,10820
296.8470455999486,65535,23048,10823
301.853707299917,65535,23064,10822
306.8642249999102,65535,23076,10823
311.87464389996603,65535,23085,10823
316.8728114999831,65535,23102,10822
321.8833554999437,65535,23109,10822
326.89438029995654,65535,23117,10822
331.90463489992544,65535,23130,10813
336.9147633999819,65535,23116,10813
341.92475579993334,65535,23110,10812
346.9316640999168,65535,23102,10822
351.9427217999473,65535,23090,10821
356.94034579989966,65535,23101,10822
361.9504576999461,65535,23114,10824
366.96214919991326,65535,23124,10823
371.9720776999602,65535,23136,10825
376.9829649999738,65535,23146,10822
381.99275109998416,65535,23153,10824
387.0034857999999,65535,23163,10822
392.01183319999836,65535,23174,10824
397.0247395999031,65535,23182,10824
402.033990399912,65535,23189,10824
407.0449409999419,65535,23197,10822
412.05450909992214,65535,23204,10823
417.06107820000034,65535,23215,10822
422.0912716999883,65535,23214,10824
422.0937116999412,65535,23213,10824
422.1038601999171,65535,23212,10823
422.1210620999336,65535,23211,10823
422.13714959996287,65535,23214,10824
422.15286489995196,65535,23212,10824
422.1692897999892,65535,23210,10825
422.18475419993047,65535,23211,10825
422.20083769992925,65535,23210,10823
422.21686029993,65535,23209,10824
422.2328931998927,65535,23210,10824
422.26339719991665,65535,23212,10824
422.28511989989784,65535,23211,10824
422.30799929995555,65535,23211,10824
422.3130528999027,65535,23210,10824
422.3290281998925,65535,23212,10823
422.34563519991934,65535,23209,10824
422.36208339990117,65535,23211,10821
422.37977259990294,65535,23209,10823
422.39645869995,65535,23212,10825
422.41225669998676,65535,23211,10824
422.4275224999292,65535,23212,10823
422.4436048999196,65535,23212,10825
422.47161549993325,65535,23211,10825
422.4875593999168,65535,23212,10823
422.50510249997023,65535,23212,10823
422.5227634999901,65535,23214,10823
422.5393382998882,65535,23214,10824
422.5545759999659,65535,23212,10822
422.57181319990195,65535,23211,10824
422.5877808999503,65535,23212,10823
422.6033672998892,65535,23211,10823
422.61915079993196,65535,23209,10824
422.6352687999606,65535,23208,10825
422.65202639997005,65535,23209,10824
422.6796499999473,65535,23208,10823
422.69548829994164,65535,23207,10823
422.7128000999801,65535,23207,10823
422.73056849988643,65535,23208,10823
422.7477966999868,65535,23208,10824
422.764016799978,65535,23208,10826
422.77995699993335,65535,23210,10825
422.796614699997,65535,23209,10823
422.8115302999504,65535,23210,10824
422.82790679996833,65535,23207,10823
422.84429599996656,65535,23209,10824
422.85962189990096,65535,23205,10825
422.88791909988504,65535,23212,10823
422.9039351999527,65535,23208,10823
422.92153459996916,65535,23208,10826
422.9398815999739,65535,23208,10824
422.957084499998,65535,23208,10824
422.97205379989464,65535,23208,10825
422.98801199998707,65535,23208,10825
423.0041835999582,65535,23206,10825
423.0200807999354,65535,23208,10824
423.035275299917,65535,23209,10823
423.0520597998984,65535,23210,10823
423.0675839999458,65535,23208,10823
423.1150514999172,65535,23209,10824
423.1203661999898,65535,23208,10823
423.12934159999713,65535,23211,10823
423.14581049990375,65535,23211,10824
423.1622216999531,65535,23212,10824
423.17929669993464,65535,23211,10823
423.19604919990525,65535,23210,10823
423.2110758998897,65535,23212,10823
423.22701249993406,65535,23210,10824
423.2419036999345,65535,23209,10824
423.2587383999489,65535,23211,10824
423.2745968999807,65535,23211,10823
423.3039606999373,65535,23211,10823
423.3200648999773,65535,23212,10824
423.33790519996546,65535,23211,10824
423.35581739991903,65535,23209,10823
423.37207029992715,65535,23211,10826
423.3880488999421,65535,23212,10825
423.4038013999816,65535,23214,10823
423.419826899888,65535,23211,10825
423.4359305999242,65535,23212,10824
423.45236909994856,65535,23212,10822
423.4684955999255,65535,23210,10824
423.48447159992065,65535,23212,10824
423.51221869990695,65535,23210,10823
423.52805949992035,65535,23209,10822
423.54695869993884,65535,23210,10825
423.5645855999319,65535,23212,10823
423.5816153999185,65535,23209,10822
423.59631869988516,65535,23212,10824
423.6125331999501,65535,23211,10823
423.6274472998921,65535,23208,10822
423.64393909997307,65535,23210,10825
423.66012089990545,65535,23210,10824
423.675654499908,65535,23211,10824
423.6901096999645,65535,23214,10825
423.720197299961,65535,23209,10823
423.7362599999178,65535,23207,10822
423.753844199935,65535,23211,10823
423.7715160999214,65535,23211,10825
423.7884018999757,65535,23211,10824
423.80432409991045,65535,23210,10823
423.8198557998985,65535,23210,10824
423.83571509993635,65535,23211,10823
423.85238329996355,65535,23210,10823
423.8698386999313,65535,23212,10824
423.88293809990864,65535,23212,10825
423.9121662999969,65535,23212,10824
423.92817789991386,65535,23211,10823
423.9441861999221,65535,23213,10823
423.96202549990267,65535,23212,10825
423.9806898999959,65535,23209,10822
423.9970654998906,65535,23211,10822
424.0133277999703,65535,23212,10823
424.0295811999822,65535,23213,10823
424.04423969995696,65535,23211,10823
424.0605801999336,65535,23211,10823
424.07571329991333,65535,23209,10823
424.0926006999798,65535,23209,10823
424.12056299997494,65535,23214,10826
424.1366154999705,65535,23208,10824
424.1529452999821,65535,23208,10823
424.17231599998195,65535,23211,10824
424.189840399893,65535,23208,10824
424.20408059994224,65535,23210,10824
424.2183331999695,65535,23209,10823
424.23507339996286,65535,23211,10825
424.2524042999139,65535,23211,10824
424.26853889995255,65535,23211,10823
424.2852744999109,65535,23208,10823
424.3003946999088,65535,23210,10822
424.32846169988625,65535,23211,10823
424.344549399917,65535,23209,10823
424.36039959988557,65535,23211,10826
424.38086979999207,65535,23212,10823
424.3966781999916,65535,23209,10822
424.4132089999039,65535,23208,10824
424.4292506999336,65535,23209,10825
424.4430747999577,65535,23208,10825
424.4607902999269,65535,23209,10823
424.4770884999307,65535,23209,10824
424.49241449998226,65535,23211,10823
424.5088610999519,65535,23212,10825
424.53718659991864,65535,23212,10825
424.55300069996156,65535,23212,10824
424.56895739992615,65535,23211,10822
424.58645759988576,65535,23211,10825
424.6024780999869,65535,23208,10813
424.6192691999022,65535,23212,10825
424.63522339996416,65535,23212,10823
424.6505445999792,65535,23215,10826
424.66626099997666,65535,23212,10823
424.68265309999697,65535,23210,10823
424.699166999897,65535,23213,10825
424.71437739999965,65535,23213,10823
424.74452729988843,65535,23212,10824
424.7605261999415,65535,23212,10822
424.7767403998878,65535,23212,10824
424.79632459999993,65535,23212,10823
424.8129500999348,65535,23213,10825
424.8304904999677,65535,23211,10825
424.845821899944,65535,23211,10822
424.8611718999455,65535,23211,10824
424.8757577999495,65535,23210,10824
424.89318989997264,65535,23213,10825
424.90839649992995,65535,23209,10824
424.92435969994403,65535,23210,10824
424.9528778999811,65535,23211,10823
424.9687214998994,65535,23212,10823
424.98481499997433,65535,23210,10824
425.00403699988965,65535,23213,10823
425.01990449998993,65535,23211,10824
425.03628749994095,65535,23212,10823
425.0527123999782,65535,23210,10824
425.06868699996267,65535,23209,10824
425.08432189992163,65535,23213,10823
425.0983694999013,65535,23211,10823
425.11585099995136,65535,23213,10824
425.1320603999775,65535,23214,10824
425.16082129999995,65535,23212,10824
425.17680949997157,65535,23216,10824
425.19316979998257,65535,23214,10824
425.21269570000004,65535,23209,10823
425.2290257998975,65535,23214,10823
425.24263229989447,65535,23211,10823
425.28240559995174,65535,23214,10822
425.2876503999578,65535,23211,10824
425.2902753999224,65535,23215,10823
425.3064899999881,65535,23213,10824
425.3224743999308,65535,23212,10823
425.3387676998973,65535,23212,10824
425.36949229997117,65535,23212,10823
425.38509429991245,65535,23212,10813
425.4009367999388,65535,23214,10822
425.4198739998974,65535,23216,10822
425.4364812999265,65535,23215,10823
425.4530811998993,65535,23214,10824
425.46849729993846,65535,23211,10823
425.48490649997257,65535,23212,10823
425.5008902999107,65535,23212,10822
425.51787289988715,65535,23211,10825
425.5332943999674,65535,23212,10825
425.5487797999522,65535,23211,10825
425.57707099989057,65535,23214,10824
425.5930666999193,65535,23214,10824
425.609278799966,65535,23213,10825
425.62746469990816,65535,23212,10824
425.64567599992733,65535,23214,10823
425.66243699996267,65535,23213,10824
425.6779521999415,65535,23210,10827
425.6938461998943,65535,23214,10824
425.7094772999408,65535,23214,10824
425.7246413999237,65535,23214,10825
425.73976539995056,65535,23215,10824
425.7546867999481,65535,23214,10823
425.7852229999844,65535,23212,10823
425.80123209999874,65535,23213,10825
425.8172946999548,65535,23214,10826
425.83648999989964,65535,23214,10823
425.85351439996157,65535,23212,10822
425.869213799946,65535,23210,10824
430.8791248999769,65535,23239,10824
435.88780009991024,65535,23235,10825
440.8964527999051,65535,23242,10825
445.90695199999027,65535,23247,10826
450.91769049991854,65535,23258,10813
455.91587259992957,65535,23263,10824
460.92763569997624,65535,23271,10815
465.9376171999611,65535,23278,10825
470.9482507999055,65535,23288,10823
475.95824739988893,65535,23290,10813
480.9660271999892,65535,23292,10824
485.97864849993493,65535,23301,10814
490.9897365999641,65535,23306,10813
495.99989579990506,65535,23309,10823
501.0102817999432,65535,23319,10826
506.0199562999187,65535,23322,10824
511.0275524999015,65535,23327,10814
516.0370223999489,65535,23331,10825
521.047368099913,65535,23346,10823
526.0577064999379,65535,23342,10816
531.0570916999131,65535,23350,10814
536.0676663999911,65535,23356,10814
541.0780659999,65535,23360,10813
546.0868424999062,65535,23357,10813
551.0985962999985,65535,23362,10815
556.1087570999516,65535,23364,10814
561.1171076999744,65535,23373,10815
566.130244199885,65535,23376,10813
571.1397505999776,65535,23384,10815
576.1505769999931,65535,23381,10815
581.1581020999001,65535,23388,10814
586.1669459999539,65535,23394,10814
591.176939399913,65535,23395,10815
596.1874028999591,65535,23395,10814
601.1975645999191,65535,23401,10816
606.1968386999797,65535,23405,10814
611.2068926999345,65535,23407,10813
616.2169368999312,65535,23408,10816
621.2282897999976,65535,23414,10814
626.2383619999746,65535,23415,10814
631.2481341999955,65535,23421,10814
636.2583278999664,65535,23422,10815
641.269275699975,65535,23430,10816
646.2791773999343,65535,23429,10816
651.2902957999613,65535,23428,10816
656.2999783999985,65535,23435,10814
661.3091598999454,65535,23435,10814
666.3174323999556,65535,23436,10814
671.3277137998957,65535,23440,10812
676.3388892998919,65535,23446,10816
681.3373762998963,65535,23446,10815
686.3466712998925,65535,23450,10814
691.3587699999334,65535,23450,10816
696.368576399982,65535,23453,10813
701.3780104999896,65535,23456,10816
706.388844299945,65535,23459,10825
711.3993211999768,65535,23460,10826
716.4080514999805,65535,23460,10827
721.4201796998968,65535,23463,10826
726.4309348999523,65535,23466,10817
731.4410883999662,65535,23468,10815
736.4488869999768,65535,23470,10825
741.4568396999966,65535,23471,10824
746.467441799934,65535,23477,10815
751.481304799905,65535,23478,10815
756.4770271999296,65535,23477,10815
761.4867213999387,65535,23482,10814
766.4979754999513,65535,23482,10815
771.5055161999771,65535,23484,10815
776.5199817999965,65535,23484,10826
781.5289308999199,65535,23489,10815
786.539722199901,65535,23489,10823
791.5512938998872,65535,23493,10814
796.5602779999608,65535,23494,10815
801.570485199918,65535,23491,10827
806.580616399995,65535,23497,10825
811.5898219998926,65535,23498,10826
816.5968713999027,65535,23502,10826
821.6073320999276,65535,23508,10825
826.6179112999234,65535,23508,10825
831.6172802998917,65535,23509,10813
836.6249319999479,65535,23514,10817
841.6377740999451,65535,23512,10825
846.6484039999777,65535,23518,10826
851.6580366999842,65535,23526,10817
851.6751887999708,65535,23522,10814
851.6875940999016,65535,23520,10815
851.7036093999632,65535,23521,10817
851.7336898999056,65535,23521,10816
851.7497793999501,65535,23521,10827
851.7658707998926,65535,23522,10815
851.7833331999136,65535,23521,10825
851.7993389999028,65535,23522,10815
851.8153638999211,65535,23520,10816
851.8314294999,65535,23519,10816
851.8475757999113,65535,23522,10825
851.8633300999645,65535,23522,10815
851.8796122999629,65535,23522,10816
851.8955569999525,65535,23520,10826
851.9114655999001,65535,23522,10815
851.9418279998936,65535,23517,10814
851.9577896998962,65535,23521,10825
851.9739598999731,65535,23519,10814
851.991529299994,65535,23521,10826
852.00832049991,65535,23518,10816
852.0434847999131,65535,23519,10816
852.0460897999583,65535,23521,10814
852.0555907998933,65535,23520,10815
852.0714585999958,65535,23519,10815
852.08775159996,65535,23520,10815
852.1045972999418,65535,23518,10827
852.1204284999985,65535,23516,10816
852.1501896999544,65535,23518,10816
852.1666883999715,65535,23518,10816
852.1821792999981,65535,23518,10815
852.201515099965,65535,23519,10816
852.2185606999556,65535,23517,10815
852.2349623999326,65535,23516,10815
852.2509677999187,65535,23516,10826
852.2665825999575,65535,23519,10817
852.2802260998869,65535,23518,10817
852.2967859999044,65535,23519,10826
852.3142819999484,65535,23520,10815
852.3304515999043,65535,23518,10816
852.3581673000008,65535,23519,10816
852.37428489991,65535,23519,10815
852.390158199938,65535,23517,10817
852.4102713998873,65535,23521,10825
852.4266311998945,65535,23523,10815
852.4428512998857,65535,23518,10826
852.4591938999947,65535,23518,10815
852.4751760999206,65535,23520,10815
852.4902434999822,65535,23519,10817
852.5062963999808,65535,23518,10826
852.5218221999239,65535,23518,10816
852.5363395999884,65535,23515,10815
852.5661731999135,65535,23515,10815
852.5824301999528,65535,23517,10816
852.5984138998901,65535,23517,10815
852.618167599896,65535,23518,10826
852.6340489999857,65535,23518,10816
852.6503620999865,65535,23517,10826
852.6664403999457,65535,23520,10815
852.6810633999994,65535,23519,10817
852.6984186999034,65535,23517,10817
852.7141376999207,65535,23516,10816
852.7311222999124,65535,23517,10818
852.7468311999692,65535,23514,10824
852.7743984999834,65535,23514,10815
852.7902802999597,65535,23515,10815
852.8077932999004,65535,23514,10816
852.8252099999227,65535,23517,10826
852.8423127999995,65535,23517,10817
852.8590067999903,65535,23519,10826
852.8746487998869,65535,23518,10816
852.8983501999173,65535,23518,10826
852.927597599919,65535,23517,10816
852.9303713999689,65535,23518,10815
852.9358123999555,65535,23518,10815
852.9524778999621,65535,23519,10817
852.9825847999891,65535,23518,10815
852.9986383999931,65535,23520,10815
853.0162613999564,65535,23516,10815
853.0338136999635,65535,23517,10815
853.0504941999679,65535,23519,10816
853.0656772999791,65535,23518,10826
853.0819537999341,65535,23518,10817
853.0984581999946,65535,23519,10826
853.1144353999989,65535,23520,10817
853.1307338998886,65535,23515,10817
853.1449949999806,65535,23518,10817
853.1610921999672,65535,23515,10817
853.1904813000001,65535,23517,10814
853.2066656999523,65535,23518,10815
853.2241980999243,65535,23516,10816
853.2430643999251,65535,23517,10815
853.2594679999165,65535,23518,10815
853.2757045999169,65535,23518,10815
853.290724099963,65535,23517,10825
853.3056123999413,65535,23516,10816
853.3224802999757,65535,23518,10816
853.3376824998995,65535,23516,10816
853.3528582999716,65535,23517,10817
853.3699453999288,65535,23517,10816
853.398832899984,65535,23518,10825
853.4152437999146,65535,23516,10815
853.4329181999201,65535,23516,10814
853.4501440998865,65535,23520,10816
853.4663035999984,65535,23516,10826
853.4823176999344,65535,23518,10816
853.4973887999076,65535,23516,10815
853.5135692999465,65535,23518,10827
853.5295921999495,65535,23517,10815
853.5467994998908,65535,23513,10825
853.5631355999503,65535,23516,10817
853.5791319999844,65535,23513,10816
853.6069244999671,65535,23512,10814
853.6228263999801,65535,23513,10817
853.6412356999936,65535,23516,10827
853.6592063999269,65535,23514,10815
853.6750855999999,65535,23514,10817
853.6900200999808,65535,23517,10815
853.706140599912,65535,23516,10815
853.7224694999168,65535,23515,10816
853.7388904999243,65535,23512,10816
853.7546447999775,65535,23515,10818
853.7711071999511,65535,23514,10825
853.7870102999732,65535,23512,10817
853.8149436999811,65535,23513,10818
853.8308402999537,65535,23514,10815
853.8475995999761,65535,23509,10815
853.8653362999903,65535,23513,10816
853.8828424999956,65535,23514,10826
853.8984075998887,65535,23513,10816
853.914607899962,65535,23511,10814
853.9296106999973,65535,23513,10815
853.9455521999625,65535,23513,10815
853.9609604999423,65535,23512,10817
853.9766014999477,65535,23513,10825
853.9935798998922,65535,23515,10817
854.0230128999101,65535,23513,10816
854.0388211999089,65535,23513,10825
854.0562612999929,65535,23514,10816
854.0728567999322,65535,23513,10816
854.0901512999553,65535,23513,10826
854.1060271998867,65535,23513,10816
854.1537855999777,65535,23512,10815
854.1654287999263,65535,23513,10816
854.1671089999145,65535,23514,10815
854.1685803999426,65535,23515,10815
854.1846396999899,65535,23514,10816
854.2005621999269,65535,23513,10817
854.2316698998911,65535,23511,10815
854.2476370999357,65535,23512,10817
854.2651049999986,65535,23514,10815
854.2824917999096,65535,23514,10815
854.2990610999987,65535,23513,10826
854.314986399957,65535,23514,10815
854.3307462999364,65535,23514,10826
854.3450475999853,65535,23513,10815
854.3625217999797,65535,23514,10815
854.3785803999053,65535,23513,10816
854.3942528999178,65535,23513,10815
854.4113507999573,65535,23511,10815
854.4391835998977,65535,23514,10827
854.4551152999047,65535,23512,10814
854.4737905999646,65535,23511,10826
854.491261899937,65535,23511,10816
854.5082166999346,65535,23513,10816
854.5237504999386,65535,23516,10815
854.5397547999164,65535,23514,10817
854.5558954000007,65535,23513,10825
854.5722921999404,65535,23513,10815
854.5880584999686,65535,23515,10825
854.603455799981,65535,23514,10814
854.619857099955,65535,23512,10815
854.6472530999454,65535,23511,10815
854.6631967999274,65535,23515,10826
854.6809524999699,65535,23515,10815
854.698556899908,65535,23512,10815
854.7145502999192,65535,23514,10815
854.7298667998984,65535,23515,10816
854.7469578998862,65535,23517,10817
854.763396199909,65535,23515,10825
854.7789659999544,65535,23516,10817
854.7953523999313,65535,23515,10825
854.811424799962,65535,23513,10815
854.8393359999172,65535,23513,10816
854.8553166999482,65535,23512,10815
854.8712167999474,65535,23512,10816
854.8892505998956,65535,23513,10815
854.9072363999439,65535,23512,10817
854.9239973999793,65535,23513,10814
854.9394204999553,65535,23512,10817
854.9558778998908,65535,23514,10827
854.9715767999878,65535,23512,10816
854.9872564999387,65535,23513,10813
855.0254136999138,65535,23514,10825
855.0436378999148,65535,23513,10815
855.047420799965,65535,23516,10817
855.0638431999832,65535,23514,10817
855.079522099928,65535,23515,10815
855.0973406999838,65535,23513,10816
855.1153520999942,65535,23514,10815
855.131899699918,65535,23516,10815
855.1458240998909,65535,23513,10826
855.1626148999203,65535,23514,10815
855.179668399971,65535,23513,10815
855.195576799917,65535,23515,10816
855.2109722999157,65535,23513,10815
855.2257660999894,65535,23513,10816
855.2557302999776,65535,23515,10816
855.2716552999336,65535,23515,10826
855.2875937999925,65535,23515,10815
855.3072527999757,65535,23513,10816
855.3235132999253,65535,23515,10817
855.3396595999366,65535,23515,10814
855.3555503999814,65535,23516,10817
855.3697868998861,65535,23517,10817
860.378117699991,65535,23533,10818
865.3891811999492,65535,23528,10815
870.39899529994,65535,23521,10816
875.4095658999868,65535,23525,10815
880.4046136999968,65535,23533,10826
885.4137913999148,65535,23533,10816
890.4243597999448,65535,23538,10817
895.4351637999061,65535,23540,10815
900.4450852998998,65535,23544,10814
905.4564580998849,65535,23540,10817
910.465979999979,65535,23542,10816
915.4772320999764,65535,23544,10815
920.4874264999526,65535,23551,10816
925.4979223998962,65535,23554,10815
930.5077027999796,65535,23555,10816
935.5188349999953,65535,23556,10818
940.5288914999692,65535,23557,10817
945.5394793999149,65535,23560,10815
950.5494320999132,65535,23558,10816
955.5447344999993,65535,23562,10816
960.555070299888,65535,23563,10815
965.5648912999313,65535,23571,10816
970.5751905998914,65535,23570,10816
975.5863603999605,65535,23568,10817
980.5962501999456,65535,23573,10817
985.6066369999899,65535,23573,10818
990.6169359999476,65535,23575,10816
995.6274857999524,65535,23576,10816
1000.6383148999885,65535,23580,10816
1005.6481494999025,65535,23582,10816
1010.6583194999257,65535,23583,10816
1015.669435299933,65535,23585,10815
1020.678964599967,65535,23587,10818
1025.6743399999104,65535,23587,10817
1030.6848315999378,65535,23590,10815
1035.6944495999487,65535,23588,10815
1040.7055331999436,65535,23595,10815
1045.7159330999712,65535,23597,10819
1050.7262228999753,65535,23597,10815
1055.7366345999762,65535,23594,10815
1060.7461179998936,65535,23601,10816
1065.7569113998907,65535,23596,10816
1070.7674795999192,65535,23599,10816
1075.7784772999585,65535,23597,10816
1080.788679499994,65535,23598,10817
1085.7983259999892,65535,23596,10815
1090.8093886999413,65535,23603,10815
1095.8192464999156,65535,23602,10816
1100.814523799927,65535,23605,10815
1105.8250235999003,65535,23608,10816
1110.834429499926,65535,23609,10818
1115.8459543999052,65535,23607,10816
1120.8553010999458,65535,23608,10815
1125.8663842999376,65535,23609,10815
1130.8769846999785,65535,23616,10817
1135.8874840999488,65535,23619,10817
1140.8975854999153,65535,23615,10817
1145.9072294998914,65535,23617,10817
1150.9188084999332,65535,23620,10815
1155.9286194999004,65535,23618,10815
1160.9398715998977,65535,23621,10817
1165.950073899934,65535,23617,10815
1170.9444062999683,65535,23616,10817
1175.9547549999552,65535,23618,10815
1180.9652780999895,65535,23619,10817
1185.975723899901,65535,23618,10817
1190.9848021999933,65535,23618,10817
1195.9964421999175,65535,23623,10817
1201.0067945999326,65535,23622,10815
1206.0171160999453,65535,23629,10817
1211.0275422999403,65535,23630,10816
1216.0373689999105,65535,23637,10816
1221.0484419999411,65535,23639,10816
1226.0578928999603,65535,23650,10817
1231.0682850999292,65535,23653,10818
1236.0796885999152,65535,23659,10817
1241.089729399886,65535,23658,10816
1246.0839854999213,65535,23664,10818
1251.0940150999231,65535,23669,10817
1256.1043493999168,65535,23675,10820
1261.1150011999998,65535,23676,10816
1266.1261238999432,65535,23684,10819
1271.1365375999594,65535,23685,10816
1276.1471049999818,65535,23686,10816
1281.1567899999209,65535,23690,10819
1281.1781063999515,65535,23689,10816
1281.1930593999568,65535,23691,10819
1281.2075606998987,65535,23688,10817
1281.2226965998998,65535,23689,10818
1281.2412811999675,65535,23689,10816
1281.2547740999144,65535,23687,10816
1281.2844768998912,65535,23686,10818
1281.300611399929,65535,23686,10816
1281.3165421999292,65535,23688,10817
1281.336748499889,65535,23688,10814
1281.3522128999466,65535,23684,10817
1281.3671171999304,65535,23687,10818
1281.3822358999169,65535,23686,10817
1281.4009517999366,65535,23687,10818
1281.415683799889,65535,23686,10816
1281.4323668999132,65535,23684,10817
1281.448379599955,65535,23686,10816
1281.4640161999268,65535,23691,10816
1281.4926853999496,65535,23685,10816
1281.508764399914,65535,23683,10818
1281.5260550999083,65535,23686,10815
1281.5450724998955,65535,23688,10815
1281.5598022999475,65535,23687,10817
1281.5768053999636,65535,23686,10816
1281.592516799923,65535,23684,10816
1281.6086115998914,65535,23684,10816
1281.6248464999953,65535,23687,10817
1281.6401862999192,65535,23686,10816
1281.6571421999251,65535,23690,10814
1281.6730327999685,65535,23685,10815
1281.7014374999562,65535,23685,10818
1281.7166147999233,65535,23684,10815
1281.733603199944,65535,23685,10818
1281.7514418999199,65535,23687,10816
1281.7662091999082,65535,23687,10817
1281.799673799891,65535,23685,10818
1281.81934799999,65535,23685,10816
1281.8327810999472,65535,23686,10816
1281.8354428999592,65535,23685,10816
1281.8473793999292,65535,23686,10815
1281.8632879999932,65535,23684,10817
1281.8791996999644,65535,23681,10815
1281.908979699947,65535,23686,10816
1281.9250313999364,65535,23684,10817
1281.942611599923,65535,23684,10816
1281.9609885999234,65535,23688,10818
1281.977374699898,65535,23684,10817
1281.993614399922,65535,23685,10816
1282.0098015998956,65535,23684,10816
1282.025305799907,65535,23685,10816
1282.041195299942,65535,23685,10817
1282.0562813999131,65535,23685,10816
1282.0729719999945,65535,23686,10816
1282.0885740999365,65535,23683,10817
1282.117021599901,65535,23684,10817
1282.1329254999291,65535,23683,10816
1282.1499271999346,65535,23683,10816
1282.1673397999257,65535,23683,10818
1282.1840179999126,65535,23680,10816
1282.200345399906,65535,23684,10816
1282.2169187999098,65535,23686,10816
1282.2329694998916,65535,23684,10816
1282.2476550999563,65535,23683,10816
1282.2630818999605,65535,23684,10815
1282.2800380999688,65535,23683,10818
1282.2953338999068,65535,23682,10814
1282.3251575999893,65535,23685,10818
1282.3415462999837,65535,23683,10816
1282.358431499917,65535,23686,10817
1282.3757676999085,65535,23685,10817
1282.3925959999906,65535,23685,10817
1282.4090940998867,65535,23683,10816
1282.4248514999636,65535,23685,10816
1282.4401758998865,65535,23684,10816
1282.4575362999458,65535,23684,10816
1282.4722534999019,65535,23685,10816
1282.4887138999766,65535,23682,10817
1282.5053125999402,65535,23682,10816
1282.5331558999605,65535,23681,10817
1282.5492192999227,65535,23684,10817
1282.5664869999746,65535,23684,10815
1282.58469779999,65535,23684,10816
1282.5992846000008,65535,23684,10817
1282.6163706999505,65535,23682,10816
1282.633143999963,65535,23684,10817
1282.6492923999904,65535,23685,10816
1282.6647792999865,65535,23685,10816
1282.6796543999808,65535,23684,10816
1282.696433099918,65535,23685,10818
1282.7134133999934,65535,23683,10817
1282.7413986999309,65535,23686,10815
1282.7573041999713,65535,23684,10816
1282.7753170999931,65535,23687,10816
1282.791121999966,65535,23687,10816
1282.8074516999768,65535,23688,10816
1282.8231214999687,65535,23686,10819
1282.8396579999244,65535,23684,10815
1282.8563662999077,65535,23685,10815
1282.8724775998853,65535,23686,10817
1282.8881237999303,65535,23686,10815
1282.9054870998953,65535,23685,10815
1282.9213880999014,65535,23685,10816
1282.9494099000003,65535,23684,10816
1282.9653744999086,65535,23685,10816
1282.9836962999543,65535,23686,10817
1283.000445799902,65535,23689,10818
1283.0253383999225,65535,23690,10818
1283.0545731999446,65535,23688,10817
1283.059106899891,65535,23687,10816
1283.062644599937,65535,23683,10815
1283.0798963999841,65535,23686,10816
1283.096621899982,65535,23684,10815
1283.1138128999155,65535,23685,10817
1283.130669999984,65535,23683,10818
1283.1576401999919,65535,23687,10816
1283.1740190999117,65535,23684,10816
1283.1917442999547,65535,23686,10817
1283.2089580999454,65535,23686,10817
1283.2264419998974,65535,23684,10817
1283.2415159998927,65535,23683,10817
1283.256902199937,65535,23684,10816
1283.272812299896,65535,23688,10816
1283.2898117998848,65535,23685,10816
1283.304928699974,65535,23686,10816
1283.319892099942,65535,23688,10817
1283.3352287999587,65535,23689,10816
1283.3656791999238,65535,23683,10816
1283.3816952999914,65535,23689,10816
1283.3994594999822,65535,23688,10816
1283.4177909999853,65535,23686,10819
1283.4329323999118,65535,23685,10816
1283.4492199999513,65535,23686,10817
1283.4664101999952,65535,23687,10816
1283.4817436999874,65535,23686,10816
1283.4975459999405,65535,23688,10815
1283.5127937999787,65535,23685,10815
1283.5285754998913,65535,23688,10818
1283.5449239999289,65535,23688,10816
1283.573738799896,65535,23687,10816
1283.5897550999653,65535,23687,10815
1283.6075038999552,65535,23687,10816
1283.6244658998912,65535,23687,10816
1283.6424483999144,65535,23688,10818
1283.6557484999066,65535,23689,10816
1283.673296699999,65535,23685,10818
1283.6897354999091,65535,23687,10817
1283.7054209999042,65535,23688,10817
1283.7198097999208,65535,23685,10816
1283.7360262000002,65535,23688,10816
1283.753484099987,65535,23687,10817
1283.7818088999484,65535,23688,10815
1283.7980830998858,65535,23687,10815
1283.8150412999094,65535,23689,10816
1283.8326339999912,65535,23687,10816
1283.8499346999452,65535,23688,10816
1283.8656396999722,65535,23688,10817
1283.9009084999561,65535,23686,10817
1283.918169499957,65535,23686,10816
1283.9206184999784,65535,23686,10815
1283.9321524999104,65535,23686,10817
1283.9434068999253,65535,23689,10816
1283.9739765999839,65535,23686,10817
1283.9900699999416,65535,23688,10815
1284.0063770998968,65535,23686,10816
1284.023865199997,65535,23687,10816
1284.0420492999256,65535,23685,10818
1284.058084799908,65535,23683,10816
1284.073402299895,65535,23685,10816
1284.090101699927,65535,23686,10817
1284.106708999956,65535,23685,10817
1284.122648499906,65535,23686,10817
1284.1391736998921,65535,23685,10818
1284.153939699987,65535,23685,10816
1284.1820260999957,65535,23689,10816
1284.1980137999635,65535,23687,10816
1284.2144316999475,65535,23685,10817
1284.2318677000003,65535,23689,10815
1284.2495457999175,65535,23689,10817
1284.2652506999439,65535,23689,10817
1284.2820946999127,65535,23688,10815
1284.2986373999156,65535,23689,10817
1284.3139549999032,65535,23689,10819
1284.3284153999994,65535,23691,10816
1284.343816999928,65535,23688,10816
1284.360215599998,65535,23686,10818
1284.3900049999356,65535,23685,10818
1284.4061391999712,65535,23688,10816
1284.4221689999104,65535,23687,10817
1284.4395643998869,65535,23689,10817
1284.455581099959,65535,23687,10816
1284.4719322999008,65535,23688,10817
1284.4885920999805,65535,23685,10816
1284.5054840999655,65535,23687,10817
1284.5206219999818,65535,23685,10816
1284.538232199964,65535,23683,10816
1284.5541656999849,65535,23686,10816
1284.5693004999775,65535,23687,10817
1284.598255299963,65535,23688,10817
1284.6140881999163,65535,23686,10816
1284.6301673999988,65535,23687,10817
1284.6481777998852,65535,23686,10815
1284.6657348999288,65535,23688,10815
1284.6822888999013,65535,23688,10818
1284.6996912999311,65535,23689,10818
1284.714207699988,65535,23686,10819
1284.7289792998927,65535,23686,10816
1284.7460986999795,65535,23687,10818
1284.7620363999158,65535,23689,10817
1284.776725799893,65535,23689,10816
1284.8064328999026,65535,23688,10816
1284.8224993998883,65535,23689,10816
1284.8383754999377,65535,23689,10817
1284.8563832999207,65535,23690,10816
1284.8729364998871,65535,23685,10816
1284.8897865999024,65535,23691,10816
1289.898620299995,65535,23705,10817
1294.9077849999303,65535,23702,10816
1299.917671999894,65535,23701,10816
1304.9290098999627,65535,23709,10818
1309.9272405999945,65535,23711,10817
1314.9346391999861,65535,23713,10815
1319.9461464999476,65535,23719,10816
1324.9557614999358,65535,23719,10817
1329.9677544999868,65535,23722,10818
1334.9812196999555,65535,23727,10816
1339.9899833999807,65535,23729,10818
1345.0000986999366,65535,23733,10818
1350.0102844999637,65535,23738,10817
1355.018105499912,65535,23739,10818
1360.0287655999418,65535,23739,10817
1365.0393531998852,65535,23742,10815
1370.0384840999031,65535,23745,10816
1375.04960379994,65535,23745,10816
1380.0594904999016,65535,23747,10815
1385.070427599945,65535,23751,10816
1390.079755099956,65535,23754,10816
1395.0881496999646,65535,23757,10815
1400.1009048999986,65535,23756,10815
1405.1123411000008,65535,23756,10816
1410.1200324998936,65535,23760,10815
1415.1304007999133,65535,23761,10816
1420.1396108999616,65535,23765,10817
1425.1508722999133,65535,23769,10816
1430.1483107999666,65535,23770,10816
1435.158081499976,65535,23771,10816
1440.1705247999635,65535,23774,10818
1445.1813853998901,65535,23776,10818
1450.1918310999172,65535,23778,10816
1455.2035353999818,65535,23782,10815
1460.2135252999142,65535,23782,10816
1465.2128002999816,65535,23787,10816
1470.2313758999808,65535,23783,10816
1475.2415750999935,65535,23788,10816
1480.2513878999744,65535,23790,10816
1485.2617880998878,65535,23795,10815
1490.2611482999055,65535,23790,10816
1495.2721148999408,65535,23793,10817
1500.2820760998875,65535,23797,10816
1505.2930394998984,65535,23794,10818
1510.3022708999924,65535,23798,10817
1515.313246399979,65535,23800,10817
1520.324357699952,65535,23798,10815
1525.3356867999537,65535,23799,10817
1530.3464393999893,65535,23800,10816
1535.3546334999846,65535,23803,10816
1540.3631902999477,65535,23804,10816
1545.3734934999375,65535,23805,10817
1550.3713303999975,65535,23806,10817
1555.3816996999085,65535,23809,10815
1560.3912689998979,65535,23810,10818
1565.4033668999327,65535,23812,10817
1570.4148766999133,65535,23814,10817
1575.426805499941,65535,23812,10816
1580.4339297999395,65535,23814,10816
1585.4445614999859,65535,23814,10819
1590.4577539999736,65535,23814,10817
1595.4664286999032,65535,23819,10816
1600.474180799909,65535,23819,10816
1605.484420199995,65535,23823,10816
1610.494893899886,65535,23822,10817
1615.4948726999573,65535,23821,10818
1620.5013253999641,65535,23823,10818
1625.514850199921,65535,23822,10818
1630.5271600999404,65535,23824,10817
1635.5376276999013,65535,23831,10816
1640.5467477999628,65535,23832,10817
1645.5580406999215,65535,23831,10816
1650.5684482998913,65535,23833,10817
1655.578878799919,65535,23832,10817
1660.5865157999797,65535,23828,10818
1665.5956777998945,65535,23836,10819
1670.606450799969,65535,23833,10815
1675.6057676998898,65535,23836,10816
1680.6157768999692,65535,23834,10815
1685.6261066999286,65535,23833,10817
1690.6374107999727,65535,23834,10816
1695.644987699925,65535,23833,10817
1700.6584534998983,65535,23838,10816
1705.6688884999603,65535,23838,10817
1710.6802468999522,65535,23838,10816
1710.6956612999784,65535,23839,10817
1710.7117907999782,65535,23836,10815
1710.7263935999945,65535,23835,10815
1710.7426414999645,65535,23837,10817
1710.7585695999442,65535,23834,10816
1710.772915199981,65535,23834,10818
1710.802692499943,65535,23835,10817
1710.8185260999016,65535,23837,10817
1710.8345972999232,65535,23837,10817
1710.8531157999532,65535,23837,10817
1710.8708635999355,65535,23836,10818
1710.8857894999674,65535,23835,10817
1710.9029865999473,65535,23834,10817
1710.9187541999854,65535,23836,10816
1710.9342203999404,65535,23836,10817
1710.9545667999191,65535,23833,10815
1710.9711042999988,65535,23837,10817
1710.9884354999522,65535,23836,10818
1711.0108091000002,65535,23834,10817
1711.026607699925,65535,23834,10816
1711.0429338999093,65535,23833,10817
1711.0615698999027,65535,23836,10816
1711.0785633999621,65535,23834,10817
1711.0946183999768,65535,23834,10816
1711.1108857999789,65535,23834,10818
1711.1266485999804,65535,23837,10816
1711.1430869998876,65535,23837,10816
1711.1592228999361,65535,23837,10816
1711.1758160999743,65535,23837,10816
1711.1918776999228,65535,23837,10816
1711.218656299985,65535,23836,10816
1711.2347702999832,65535,23836,10817
1711.2507923999801,65535,23837,10818
1711.27043829998,65535,23838,10817
1711.2867900999263,65535,23835,10816
1711.3035205999622,65535,23834,10815
1711.3189984998899,65535,23835,10818
1711.3352676999057,65535,23833,10815
1711.3516144999303,65535,23836,10817
1711.3674083999358,65535,23832,10817
1711.383412499912,65535,23831,10816
1711.3991373999743,65535,23834,10816
1711.4274446999189,65535,23836,10815
1711.443480399903,65535,23835,10816
1711.4595085999463,65535,23831,10816
1711.4793030999135,65535,23835,10817
1711.496008099988,65535,23835,10817
1711.5112887999276,65535,23832,10818
1711.528139699949,65535,23837,10819
1711.5443106999155,65535,23832,10815
1711.5602958999807,65535,23830,10815
1711.5758546999423,65535,23832,10817
1711.5919687999412,65535,23832,10816
1711.607534699957,65535,23831,10817
1711.63485459995,65535,23834,10816
1711.6509236999555,65535,23834,10815
1711.6669670999981,65535,23835,10819
1711.6876105999108,65535,23833,10817
1711.7039969998877,65535,23830,10818
1711.7196990998928,65535,23833,10817
1711.735818499932,65535,23834,10816
1711.7517234999686,65535,23833,10817
1711.7683012998896,65535,23831,10816
1711.7834684998961,65535,23831,10817
1711.7998891999014,65535,23833,10819
1711.814947299892,65535,23833,10816
1711.84306809993,65535,23833,10815
1711.8591073999414,65535,23833,10818
1711.8751872999128,65535,23834,10816
1711.8957306999946,65535,23831,10817
1711.9111292999005,65535,23832,10819
1711.9277262999676,65535,23833,10818
1711.9436442999868,65535,23832,10818
1711.959264199948,65535,23832,10818
1711.9756896999897,65535,23831,10818
1711.9912118999055,65535,23832,10817
1712.007579099969,65535,23832,10815
1712.0232571999077,65535,23833,10816
1712.0511875998927,65535,23834,10818
1712.0673249999527,65535,23830,10817
1712.0833185999654,65535,23834,10816
1712.102642599959,65535,23833,10817
1712.1195736998925,65535,23829,10818
1712.1358697999967,65535,23833,10816
1712.1519768999424,65535,23830,10817
1712.167885899893,65535,23831,10817
1712.1843178999843,65535,23831,10817
1712.200400599977,65535,23832,10817
1712.2162578999996,65535,23832,10818
1712.2320070998976,65535,23831,10816
1712.259391499916,65535,23832,10816
1712.2752004999202,65535,23831,10814
1712.2911882998887,65535,23831,10816
1712.3105985999573,65535,23833,10818
1712.3280105999438,65535,23832,10816
1712.3428710999433,65535,23831,10817
1712.3593994999537,65535,23834,10815
1712.3757757999701,65535,23831,10816
1712.3916305999737,65535,23834,10817
1712.4117081998847,65535,23835,10816
1712.425789199886,65535,23836,10815
1712.4447095999494,65535,23834,10818
1712.467350199935,65535,23831,10816
1712.4836475999327,65535,23832,10816
1712.499284499907,65535,23835,10817
1712.5185611998895,65535,23832,10815
1712.5348852999741,65535,23834,10817
1712.5521400999278,65535,23832,10815
1712.5681626999285,65535,23834,10816
1712.5840163999237,65535,23830,10816
1712.6000415999442,65535,23833,10818
1712.6162903999211,65535,23834,10818
1712.6336251999019,65535,23835,10817
1712.6479153999826,65535,23832,10817
1712.6760803998914,65535,23834,10817
1712.6921181998914,65535,23835,10817
1712.7097621998983,65535,23834,10816
1712.727194899926,65535,23831,10816
1712.7473876998993,65535,23831,10817
1712.7604315999197,65535,23831,10816
1712.7762422999367,65535,23830,10818
1712.7925847999286,65535,23836,10816
1712.807806699886,65535,23833,10817
1712.8239979998907,65535,23832,10817
1712.8410038999282,65535,23830,10816
1712.856828299933,65535,23833,10817
1712.8835716999602,65535,23834,10817
1712.8996025999077,65535,23835,10815
1712.9171479999786,65535,23834,10819
1712.9355976999504,65535,23835,10817
1712.952474599937,65535,23834,10817
1712.9686801999342,65535,23834,10816
1712.984859899967,65535,23832,10816
1713.0007887999527,65535,23833,10815
1713.0172175999032,65535,23834,10816
1713.0324657999445,65535,23829,10816
1713.0493555999128,65535,23833,10816
1713.0652733999304,65535,23834,10816
1713.0917469999986,65535,23831,10816
1713.1077267999062,65535,23830,10816
1713.1251246999018,65535,23833,10817
1713.1414043999976,65535,23833,10816
1713.1597743999446,65535,23835,10816
1713.174953599926,65535,23836,10817
1713.1900250999024,65535,23834,10818
1713.205536399968,65535,23834,10816
1713.2233394999057,65535,23834,10817
1713.239362699911,65535,23835,10817
1713.2559264999582,65535,23835,10816
1713.2722758998862,65535,23835,10817
1713.2996980999596,65535,23834,10817
1713.3157284999033,65535,23834,10817
1713.333874499891,65535,23832,10818
1713.352246299968,65535,23834,10816
1713.368675799924,65535,23833,10817
1713.3842083999189,65535,23834,10817
1713.4006186999613,65535,23830,10816
1713.4166741999798,65535,23833,10815
1713.432739699958,65535,23833,10818
1713.4487325999653,65535,23835,10816
1713.465527299908,65535,23833,10815
1713.481889699935,65535,23833,10817
1713.508045699913,65535,23835,10815
1713.5245275999187,65535,23833,10816
1713.542228999897,65535,23832,10817
1713.561430499889,65535,23832,10816
1713.5780955998925,65535,23832,10816
1713.5945112999761,65535,23832,10816
1713.6090261999052,65535,23833,10816
1713.6252637999132,65535,23835,10818
1713.6413030999247,65535,23833,10817
1713.6566550999414,65535,23830,10817
1713.6723021999933,65535,23829,10817
1713.6886914999923,65535,23832,10818
1713.7159743999364,65535,23830,10815
1713.7319137998857,65535,23831,10817
1713.7502222999465,65535,23831,10818
1713.768134899903,65535,23832,10815
1713.7845149999484,65535,23834,10817
1713.8006461999612,65535,23834,10816
1713.8171214999165,65535,23833,10817
1713.832656399929,65535,23832,10815
1713.8482087999582,65535,23828,10817
1713.864480499993,65535,23831,10816
1713.8809572999598,65535,23832,10819
1713.8973320999648,65535,23831,10817
1713.9240461998852,65535,23831,10818
1713.9401739999885,65535,23828,10816
1713.9577331999317,65535,23833,10817
1713.9755726999138,65535,23833,10819
1713.992007899913,65535,23833,10818
1714.0083869999507,65535,23830,10817
1714.0244669999229,65535,23832,10816
1714.0403411999578,65535,23832,10817
1714.0623924999963,65535,23832,10816
1714.0737519999966,65535,23832,10818
1714.0908567999722,65535,23831,10816
1714.1084424,65535,23833,10816
1714.1322517999215,65535,23835,10817
1714.1480585999088,65535,23831,10816
1714.1652989999857,65535,23832,10816
1714.1831555999815,65535,23831,10817
1714.201106099994,65535,23831,10818
1714.21675459994,65535,23830,10817
1714.2320719999261,65535,23828,10817
1714.2486204999732,65535,23830,10815
1714.264208199922,65535,23831,10816
1714.2808645999758,65535,23829,10816
1714.2955643999157,65535,23827,10816
1714.3132957998896,65535,23831,10817
1714.3402848999249,65535,23829,10816
1714.3562030999456,65535,23830,10816
1714.3730340999318,65535,23829,10817
1714.391319999937,65535,23830,10819
1714.4079267999623,65535,23827,10815
1719.4036764999619,65535,23850,10818
1724.4148277998902,65535,23842,10816
1729.4246101999888,65535,23841,10818
1734.43415919994,65535,23843,10815
1739.4459775999421,65535,23845,10817
1744.4568250998855,65535,23845,10817
1749.467503199936,65535,23847,10818
1754.473802799941,65535,23845,10817
1759.4834073999664,65535,23848,10818
1764.4946955998894,65535,23849,10817
1769.4934396999888,65535,23851,10817
1774.50456999999,65535,23853,10817
1779.51426909992,65535,23853,10817
1784.52356459992,65535,23848,10817
1789.5360253999243,65535,23852,10816
1794.5458802999929,65535,23852,10818
1799.5547009999864,65535,23855,10817
1804.5670181999449,65535,23850,10816
1809.5777983999578,65535,23855,10817
1814.5858361999271,65535,23854,10811
1819.5948685999028,65535,23850,10822
1824.6059252999257,65535,23847,10810
1829.6036628999282,65535,23838,10811
1834.6147553999908,65535,23828,10811
1839.625576099963,65535,23822,10812
1844.6367922999198,65535,23807,10810
1849.6468141999794,65535,23801,10811
1854.654897899949,65535,23796,10811
1859.6677576999646,65535,23786,10811
1864.678610199946,65535,23781,10818
1869.6887156999437,65535,23779,10816
1874.694716099999,65535,23787,10816
1879.7065395999234,65535,23789,10816
1884.7166109998943,65535,23792,10816
1889.7146260999143,65535,23796,10818
1894.7248803999973,65535,23799,10817
1899.736263699946,65535,23802,10818
1904.7479101999197,65535,23803,10815
1909.7557086999295,65535,23806,10817
1914.7679887999548,65535,23811,10816
1919.778748899931,65535,23809,10819
1924.7895231998991,65535,23819,10817
1929.798586399993,65535,23821,10816
1934.806759399944,65535,23825,10815
1939.8171413999517,65535,23827,10818
1944.8275904998882,65535,23830,10817
1949.8257346999599,65535,23826,10816
1954.834714599885,65535,23830,10816
1959.8478057999164,65535,23833,10816
1964.8589318998856,65535,23835,10818
1969.8662565998966,65535,23835,10818
1974.8771795999492,65535,23837,10818
1979.8888818999985,65535,23840,10818
1984.8996158998925,65535,23839,10817
1989.9088035998866,65535,23843,10817
1994.9184680999024,65535,23843,10818
1999.9280591999413,65535,23843,10817
2004.939803199959,65535,23843,10817
2009.937951299944,65535,23848,10818
2014.9497077999404,65535,23849,10817
2019.9568600999191,65535,23850,10818
2024.9674429999432,65535,23848,10816
2029.9796080999076,65535,23849,10817
2034.9878764998866,65535,23857,10815
2040.0003549999092,65535,23858,10818
2045.0119012999348,65535,23858,10815
2050.022682599956,65535,23852,10813
2055.030420999974,65535,23844,10823
2060.0394657999277,65535,23845,10813
2065.049994099885,65535,23840,10820
2070.046120099956,65535,23835,10824
2075.059087899979,65535,23829,10822
2080.070338999969,65535,23828,10821
2085.0809554998996,65535,23811,10820
2090.091189599945,65535,23794,10812
2095.0990305999294,65535,23790,10812
2100.109580099932,65535,23784,10823
2105.122815999901,65535,23778,10822
2110.133072699886,65535,23775,10823
2115.1479129999643,65535,23773,10822
2120.1502658999525,65535,23767,10814
2125.161627799971,65535,23775,10815
2130.160462699947,65535,23781,10812
2135.1701897999737,65535,23782,10814
2140.1818912999006,65535,23783,10812
2140.1979499999434,65535,23785,10815
2140.2252470999956,65535,23785,10812
2140.2412625999423,65535,23786,10813
2140.2570694999304,65535,23781,10814
2140.2739907999057,65535,23782,10814
2140.3203140998958,65535,23784,10812
2140.3342418998946,65535,23783,10813
2140.3373344999272,65535,23786,10812
2140.3457257999107,65535,23781,10813
2140.3617026999127,65535,23784,10815
2140.3776896999916,65535,23780,10814
2140.3962109999266,65535,23782,10814
2140.414229099988,65535,23783,10813
2140.431143099908,65535,23779,10812
2140.4462219999405,65535,23784,10813
2140.462877299986,65535,23784,10814
2140.479439599905,65535,23784,10813
2140.4950490999036,65535,23781,10813
2140.5110102999024,65535,23784,10814
2140.5271340999752,65535,23785,10813
2140.554546499974,65535,23782,10814
2140.5703383999644,65535,23784,10815
2140.58590299997,65535,23783,10813
2140.6049990999745,65535,23780,10814
2140.621740999981,65535,23784,10814
2140.637743899948,65535,23780,10814
2140.6536956999917,65535,23781,10815
2140.668644899968,65535,23781,10813
2140.685092199943,65535,23781,10814
2140.70155769994,65535,23780,10814
2140.717967099976,65535,23782,10814
2140.733598099905,65535,23782,10813
2140.76212869992,65535,23784,10813
2140.7781530999346,65535,23782,10814
2140.794057299965,65535,23781,10815
2140.811423599953,65535,23780,10815
2140.8279718999984,65535,23781,10813
2140.8454925999977,65535,23781,10813
2140.8624546999345,65535,23782,10814
2140.8788576999214,65535,23781,10814
2140.895051599946,65535,23780,10814
2140.9103886999656,65535,23782,10814
2140.92569189996,65535,23779,10813
2140.942340599955,65535,23781,10813
2140.970777899958,65535,23782,10814
2140.9861777999904,65535,23782,10814
2141.0023570999037,65535,23783,10814
2141.021454999922,65535,23783,10813
2141.0393191999756,65535,23781,10814
2141.0537312999368,65535,23784,10814
2141.070156699978,65535,23783,10813
2141.086566999904,65535,23782,10813
2141.1024325999897,65535,23782,10814
2141.1187287999783,65535,23782,10815
2141.1341770999134,65535,23784,10814
2141.149980999995,65535,23782,10814
2141.1781937999185,65535,23782,10813
2141.194164799992,65535,23782,10812
2141.2103468999267,65535,23781,10814
2141.2293262999738,65535,23783,10813
2141.2459987999173,65535,23780,10814
2141.262534699985,65535,23781,10813
2141.278750199941,65535,23782,10815
2141.29405269993,65535,23780,10814
2141.30786229996,65535,23781,10814
2141.3245737999678,65535,23782,10815
2141.3407651999732,65535,23777,10814
2141.35732499999,65535,23780,10814
2141.3867517999606,65535,23783,10815
2141.402887999895,65535,23783,10814
2141.418473699945,65535,23781,10815
2141.4375948999077,65535,23782,10815
2141.454159099958,65535,23782,10815
2141.4695265999762,65535,23784,10813
2141.4854663999286,65535,23782,10814
2141.501341199968,65535,23783,10813
2141.5178267998854,65535,23785,10813
2141.5336261999328,65535,23785,10813
2141.5481055999408,65535,23783,10813
2141.5640310999006,65535,23783,10814
2141.594513499993,65535,23782,10816
2141.610435499926,65535,23783,10813
2141.6265007999027,65535,23783,10813
2141.64556799992,65535,23783,10813
2141.661905199988,65535,23781,10816
2141.7101330999285,65535,23785,10814
2141.718290399993,65535,23785,10815
2141.720673999982,65535,23785,10813
2141.7240198999643,65535,23782,10815
2141.7398855999345,65535,23784,10814
2141.755823399988,65535,23782,10815
2141.772989899968,65535,23781,10813
2141.802735999925,65535,23781,10813
2141.8185502999695,65535,23780,10814
2141.834655699902,65535,23783,10814
2141.852833499899,65535,23781,10815
2141.8694274999434,65535,23781,10813
2141.88551729999,65535,23781,10814
2141.902054499951,65535,23785,10813
2141.9186728999484,65535,23780,10814
2141.9342696999665,65535,23779,10813
2141.9504037000006,65535,23784,10815
2141.966276199906,65535,23782,10815
2141.982644899981,65535,23782,10813
2142.0105800998863,65535,23783,10812
2142.026833199896,65535,23784,10816
2142.044268199941,65535,23782,10814
2142.0630782999797,65535,23781,10813
2142.0799938999116,65535,23781,10813
2142.0932352999225,65535,23781,10816
2142.109921299969,65535,23781,10813
2142.1271620999323,65535,23779,10814
2142.143602099968,65535,23783,10815
2142.158894699998,65535,23783,10813
2142.173512099893,65535,23781,10814
2142.1896913999226,65535,23781,10813
2142.219442399917,65535,23779,10816
2142.235275199986,65535,23780,10812
2142.253164599999,65535,23781,10814
2142.270626699901,65535,23781,10813
2142.287304199999,65535,23782,10813
2142.3027497999137,65535,23782,10814
2142.316220699926,65535,23779,10813
2142.332739299978,65535,23783,10814
2142.3490359999705,65535,23780,10816
2142.365503899986,65535,23780,10815
2142.381353099947,65535,23778,10813
2142.39761929994,65535,23783,10814
2142.4269507999998,65535,23778,10813
2142.4430672999006,65535,23780,10815
2142.460508899996,65535,23780,10815
2142.478895599954,65535,23780,10813
2142.495179499965,65535,23780,10815
2142.5126575999893,65535,23779,10813
2142.5276834999677,65535,23780,10813
2142.543385099969,65535,23777,10814
2142.5590243999613,65535,23779,10813
2142.574850999983,65535,23779,10815
2142.590969499899,65535,23778,10813
2142.6075402999995,65535,23779,10813
2142.6355775999837,65535,23779,10816
2142.651646699989,65535,23783,10813
2142.6686363999033,65535,23778,10813
2142.6866955999285,65535,23779,10813
2142.702122199931,65535,23778,10813
2142.7183919999516,65535,23779,10813
2142.7351539999945,65535,23779,10814
2142.7507482999936,65535,23782,10814
2142.7670976999216,65535,23779,10812
2142.783070599893,65535,23780,10815
2142.799402299919,65535,23782,10815
2142.8140327999135,65535,23778,10814
2142.8431221999926,65535,23778,10813
2142.8591367999325,65535,23780,10813
2142.8773264999036,65535,23781,10813
2142.8948668999365,65535,23779,10815
2142.9112727999454,65535,23779,10814
2142.925892499974,65535,23779,10812
2142.943238299922,65535,23781,10813
2142.959500799887,65535,23779,10814
2142.9756005998934,65535,23778,10812
2142.99172969989,65535,23777,10815
2143.0074013998965,65535,23779,10814
2143.023078899947,65535,23780,10813
2143.0514870999614,65535,23781,10813
2143.0673387999414,65535,23782,10816
2143.084644199931,65535,23781,10813
2143.101814899943,65535,23782,10814
2143.1190407999093,65535,23780,10813
2143.1346877999604,65535,23782,10813
2143.1510097999126,65535,23778,10814
2143.1655778998975,65535,23777,10813
2143.181722099893,65535,23778,10815
2143.1977398999734,65535,23779,10814
2143.2131970999762,65535,23780,10814
2143.228993500001,65535,23782,10812
2143.2593746999046,65535,23780,10816
2143.275369199924,65535,23780,10815
2143.2922809999436,65535,23779,10812
2143.3093812000006,65535,23779,10813
2143.3511111999396,65535,23779,10815
2143.357256499934,65535,23778,10813
2143.3599644999485,65535,23776,10813
2143.3799318999518,65535,23779,10813
2143.3890429999446,65535,23781,10813
2143.405327299959,65535,23781,10814
2143.421701699961,65535,23779,10814
2143.4381901999004,65535,23781,10814
2143.467382199946,65535,23780,10815
2143.4835030999966,65535,23781,10814
2143.5009003999876,65535,23782,10814
2143.5180618999293,65535,23781,10815
2143.5348787999246,65535,23783,10814
2143.5500892999116,65535,23780,10814
2143.566530799959,65535,23780,10814
2143.583387399907,65535,23781,10814
2143.599249199964,65535,23782,10814
2143.6152306998847,65535,23781,10815
2143.631778699928,65535,23782,10815
2143.6474308999022,65535,23782,10815
2143.675707999966,65535,23780,10813
2143.691669599968,65535,23781,10812
2143.708749099984,65535,23780,10814
2143.7258902998874,65535,23784,10815
2143.7437016998883,65535,23783,10813
2143.760967399925,65535,23781,10814
2143.7754067999776,65535,23779,10813
2143.7915722999023,65535,23778,10815
2143.806067099911,65535,23779,10814
2143.8230716999387,65535,23779,10813
2143.8374533999013,65535,23777,10813
2143.8533891999396,65535,23781,10814
2143.8837028999114,65535,23779,10814
2143.899580999976,65535,23783,10813
2143.9162248999346,65535,23779,10813
2148.9117370999884,65535,23801,10813
2153.923958899919,65535,23796,10813
2158.9352440999355,65535,23800,10813
2163.945825599949,65535,23806,10814
2168.9571774998913,65535,23809,10812
2173.9680408999557,65535,23811,10813
2178.9755795999663,65535,23813,10814
2183.9851911999285,65535,23815,10813
2188.995756499935,65535,23820,10815
2193.9948633998865,65535,23825,10814
2199.0051831998862,65535,23827,10814
2204.0168990999227,65535,23826,10815
2209.0266973999096,65535,23828,10814
2214.037154099904,65535,23830,10812
2219.0476660999702,65535,23831,10814
2224.0555610999,65535,23835,10814
2229.0687641999684,65535,23836,10814
2234.078816999914,65535,23842,10815
2239.086119099986,65535,23842,10812
2244.0958772999,65535,23845,10814
2249.1066834999947,65535,23849,10813
2254.117944199941,65535,23851,10815
2259.1159523999086,65535,23848,10814
2264.1271546999924,65535,23857,10813
2269.1369474999374,65535,23855,10813
2274.1485797999194,65535,23858,10812
2279.1579279999714,65535,23859,10815
2284.170128699974,65535,23860,10813
2289.1800942999544,65535,23862,10814
2294.190806599916,65535,23870,10813
2299.201224199962,65535,23865,10813
2304.2074754999485,65535,23864,10814
2309.2182475998998,65535,23865,10814
2314.2285036999965,65535,23866,10815
2319.22753179993,65535,23872,10813
2324.2385476999916,65535,23871,10814
2329.2497260998935,65535,23870,10813
2334.2589847999625,65535,23871,10814
2339.271013499936,65535,23876,10812
2344.281073699938,65535,23874,10814
2349.291574899922,65535,23872,10815
2354.3020055999514,65535,23874,10814
2359.311745199957,65535,23879,10814
2364.320333599928,65535,23876,10814
2369.3291025999933,65535,23878,10814
2374.3403991999803,65535,23884,10814
2379.336934099905,65535,23885,10813
2384.3501739999047,65535,23879,10813
2389.360715699964,65535,23882,10814
2394.3719141999027,65535,23885,10813
2399.38220969995,65535,23888,10815
2404.3891175999306,65535,23886,10813
2409.4017518999754,65535,23885,10812
2414.4138831999153,65535,23884,10814
2419.42369169998,65535,23885,10814
2424.431549799978,65535,23890,10813
2429.4405377999647,65535,23888,10813
2434.451288099983,65535,23887,10814
2439.450342899887,65535,23892,10814
2444.460867299931,65535,23893,10814
2449.471094099921,65535,23895,10813
2454.480262799887,65535,23890,10814
2459.490346399951,65535,23890,10815
2464.504086199915,65535,23893,10813
2469.513302599895,65535,23894,10814
2474.525797399925,65535,23891,10813
2479.534963199985,65535,23896,10814
2484.543669799925,65535,23896,10813
2489.5524286999134,65535,23895,10814
2494.562788799987,65535,23896,10812
2499.562178399996,65535,23900,10812
2504.573124399991,65535,23892,10813
2509.582465799991,65535,23899,10813
2514.591351299896,65535,23897,10813
2519.6053754999302,65535,23903,10814
2524.6152249999577,65535,23899,10812
2529.6261328998953,65535,23898,10813
2534.6343639999395,65535,23899,10814
2539.6466404999373,65535,23897,10813
2544.6568704999518,65535,23903,10814
2549.663377699908,65535,23902,10811
2554.6750428999076,65535,23899,10813
2559.684587699943,65535,23902,10813
2564.6836802999023,65535,23900,10812
2569.6918115000008,65535,23905,10811
2569.7078066999093,65535,23910,10812
2569.738168899901,65535,23905,10812
2569.754017099971,65535,23906,10814
2569.770044499892,65535,23905,10812
2569.7888765999814,65535,23906,10813
2569.804979199893,65535,23905,10813
2569.8204659998883,65535,23904,10813
2569.835598799982,65535,23905,10814
2569.852451899904,65535,23903,10814
2569.8695418999996,65535,23905,10812
2569.885801699944,65535,23904,10814
2569.9020468998933,65535,23904,10814
2569.9178842999972,65535,23905,10814
2569.9460826999275,65535,23903,10813
2569.962037999998,65535,23901,10813
2569.9780829999363,65535,23901,10814
2569.998109899927,65535,23905,10815
2570.0140876999358,65535,23905,10814
2570.0301733999513,65535,23905,10812
2570.0476651999634,65535,23905,10815
2570.0627711999696,65535,23901,10813
2570.077977699926,65535,23900,10813
2570.094749999931,65535,23900,10812
2570.1107307999628,65535,23904,10812
2570.126865899889,65535,23904,10815
2570.154123799992,65535,23903,10814
2570.170107499929,65535,23903,10813
2570.18617989996,65535,23904,10812
2570.205473299953,65535,23902,10815
2570.2205536999973,65535,23902,10813
2570.237815499888,65535,23903,10812
2570.2539612998953,65535,23903,10815
2570.270332299988,65535,23899,10814
2570.3006077999016,65535,23902,10814
2570.338846099912,65535,23900,10813
2570.341518199886,65535,23901,10812
2570.344102199888,65535,23900,10813
2570.36205399991,65535,23899,10814
2570.3780907999026,65535,23897,10812
2570.3940709999297,65535,23901,10812
2570.4117293999298,65535,23899,10813
2570.4277375999372,65535,23904,10814
2570.443714999943,65535,23900,10813
2570.4598574999254,65535,23900,10813
2570.4757814999903,65535,23904,10815
2570.4922372999135,65535,23902,10813
2570.508398899925,65535,23902,10812
2570.5241424998967,65535,23901,10815
2570.540343999979,65535,23899,10813
2570.570359099889,65535,23900,10814
2570.586290899897,65535,23898,10814
2570.6022949999897,65535,23898,10812
2570.6197676999727,65535,23900,10815
2570.6358477999456,65535,23900,10814
2570.652044199989,65535,23899,10813
2570.6682844999013,65535,23903,10815
2570.683863999904,65535,23900,10812
2570.7001639999216,65535,23903,10814
2570.7165516999085,65535,23901,10813
2570.732400899986,65535,23898,10815
2570.7489183999132,65535,23898,10813
2570.778421899886,65535,23899,10812
2570.7943761999486,65535,23898,10814
2570.810322999954,65535,23899,10812
2570.8285950999707,65535,23899,10813
2570.8439062999096,65535,23903,10813
2570.8604245999595,65535,23900,10814
2570.8770020999946,65535,23898,10813
2570.89348479989,65535,23899,10813
2570.9104105998995,65535,23903,10815
2570.9274987999815,65535,23901,10814
2570.9436423999723,65535,23898,10812
2570.9588439998915,65535,23899,10812
2570.9867301998893,65535,23901,10814
2571.0024912999943,65535,23897,10814
2571.0186057999963,65535,23900,10811
2571.03783809999,65535,23896,10814
2571.0540350999217,65535,23897,10813
2571.0704489999916,65535,23898,10812
2571.086925499956,65535,23899,10814
2571.1030356999254,65535,23896,10812
2571.1194874999346,65535,23900,10811
2571.1351248999126,65535,23896,10813
2571.1509687999496,65535,23898,10814
2571.1671301999595,65535,23898,10813
2571.1947728999658,65535,23896,10815
2571.210763699957,65535,23900,10814
2571.2267495999113,65535,23898,10813
2571.246368999942,65535,23900,10813
2571.2630649999483,65535,23900,10814
2571.278864299995,65535,23900,10812
2571.295075999922,65535,23901,10815
2571.310761599918,65535,23900,10812
2571.326677199919,65535,23901,10813
2571.3419375999365,65535,23898,10814
2571.3586464999244,65535,23899,10813
2571.3743183999322,65535,23898,10813
2571.4028115998954,65535,23898,10813
2571.419407099951,65535,23898,10813
2571.4365272999275,65535,23899,10812
2571.455068399897,65535,23899,10814
2571.4717019998934,65535,23899,10813
2571.487416799995,65535,23895,10814
2571.5025943999644,65535,23897,10812
2571.5188605999574,65535,23897,10813
2571.534762599971,65535,23898,10814
2571.5512611999875,65535,23895,10812
2571.5977038999554,65535,23897,10813
2571.611099199974,65535,23899,10813
2571.612893699901,65535,23896,10814
2571.6261215999257,65535,23899,10813
2571.6422403999604,65535,23899,10814
2571.6587153999135,65535,23899,10814
2571.6747171999887,65535,23897,10812
2571.690825199941,65535,23896,10811
2571.707480299985,65535,23897,10812
2571.7230403999565,65535,23898,10814
2571.7390674999915,65535,23897,10813
2571.755173899932,65535,23896,10812
2571.784853799967,65535,23899,10815
2571.8008632999845,65535,23896,10813
2571.816830699914,65535,23896,10814
2571.834448299953,65535,23894,10814
2571.8507083998993,65535,23894,10813
2571.8674946998945,65535,23897,10811
2571.882775499951,65535,23896,10815
2571.8988445999566,65535,23894,10814
2571.914619399933,65535,23896,10814
2571.930739899981,65535,23897,10813
2571.9467484999914,65535,23896,10811
2571.9627325999318,65535,23896,10815
2571.9929515999975,65535,23896,10815
2572.0088956999825,65535,23896,10814
2572.0249413999263,65535,23892,10813
2572.042802199954,65535,23895,10813
2572.058291799971,65535,23895,10815
2572.07445439999,65535,23895,10813
2572.0911189999897,65535,23896,10812
2572.1064936999464,65535,23894,10814
2572.1238771999488,65535,23898,10813
2572.1413873999845,65535,23896,10813
2572.157422099961,65535,23891,10813
2572.17397959996,65535,23894,10814
2572.2011434999295,65535,23898,10813
2572.217390399892,65535,23896,10812
2572.233710499946,65535,23895,10813
2572.2521959999576,65535,23899,10813
2572.2693615999306,65535,23895,10814
2572.2858454999514,65535,23896,10812
2572.3012192999013,65535,23897,10815
2572.3176973999944,65535,23897,10811
2572.3331331999507,65535,23896,10814
2572.3482124999864,65535,23895,10813
2572.3630684999516,65535,23897,10812
2572.3802188999252,65535,23896,10814
2572.4094493999146,65535,23895,10811
2572.4254474999616,65535,23895,10813
2572.4414184999187,65535,23895,10813
2572.460573399905,65535,23894,10812
2572.4773182999343,65535,23894,10814
2572.494077899959,65535,23894,10813
2572.5102082999656,65535,23895,10816
2572.5269129999215,65535,23898,10812
2572.5423372999066,65535,23895,10811
2572.5575279999757,65535,23897,10813
2572.573726099916,65535,23893,10814
2572.58993129991,65535,23894,10813
2572.6173832999775,65535,23895,10814
2572.633416299941,65535,23893,10814
2572.6499624999706,65535,23894,10813
2572.6690391999437,65535,23895,10813
2572.685449599987,65535,23895,10812
2572.7258926999057,65535,23893,10813
2572.7421089999843,65535,23896,10812
2572.7439890999813,65535,23895,10812
2572.7593080999795,65535,23895,10812
2572.7693823999725,65535,23895,10813
2572.7854108999018,65535,23900,10813
2572.8021090999246,65535,23895,10812
2572.8198194999713,65535,23896,10813
2572.8354737999616,65535,23897,10814
2572.850932399975,65535,23897,10813
2572.8659880999476,65535,23897,10815
2572.88340349996,65535,23897,10815
2572.9121981998906,65535,23895,10815
2572.9277770998888,65535,23896,10812
2572.9458530999254,65535,23897,10814
2572.9638493999373,65535,23896,10814
2572.980079599889,65535,23896,10812
2572.9966731999302,65535,23896,10814
2573.011077299947,65535,23896,10812
2573.0281304999953,65535,23895,10814
2573.0436182999983,65535,23895,10813
2573.059830199927,65535,23897,10813
2573.0758318000007,65535,23896,10812
2573.092802399886,65535,23897,10812
2573.119727299898,65535,23893,10814
2573.135973599972,65535,23896,10813
2573.153249099967,65535,23896,10813
2573.1721071999054,65535,23896,10813
2573.1885249998886,65535,23896,10814
2573.2047151000006,65535,23894,10813
2573.2197088999674,65535,23893,10813
2573.2364462999394,65535,23895,10814
2573.251537999953,65535,23893,10813
2573.2680016999366,65535,23897,10813
2573.2844105999684,65535,23894,10813
2573.300387999974,65535,23894,10812
2573.328015599982,65535,23895,10812
2573.3438429998932,65535,23895,10812
2573.3610660999548,65535,23895,10813
2573.3777401999105,65535,23895,10813
2573.3939175999258,65535,23894,10813
2573.4106493999716,65535,23895,10814
2573.426844399888,65535,23893,10814
2578.439578199992,65535,23915,10813
2583.4484142999863,65535,23908,10812
2588.4563331999816,65535,23907,10813
2593.467077999958,65535,23910,10814
2598.4771855999716,65535,23912,10812
2603.4772784999805,65535,23906,10812
2608.4871567999944,65535,23908,10813
2613.4974108999595,65535,23911,10815
2618.508930099895,65535,23908,10813
2623.518699499895,65535,23903,10812
2628.529069699929,65535,23906,10813
2633.540313799982,65535,23909,10816
2638.5476707998896,65535,23901,10813
2643.5610917999875,65535,23907,10814
2648.5671923999907,65535,23908,10814
2653.577794599929,65535,23907,10812
2658.5883892999263,65535,23905,10812
2663.5883108999114,65535,23914,10812
2668.5986624999205,65535,23912,10813
2673.608998099924,65535,23912,10814
2678.6198985999217,65535,23909,10812
2683.63008849998,65535,23904,10813
2688.637694499921,65535,23905,10812
2693.6491355999606,65535,23914,10813
2698.6597068998963,65535,23909,10811
2703.673537799972,65535,23910,10811
2708.680063399952,65535,23914,10813
2713.689358099946,65535,23912,10813
2718.699690499925,65535,23911,10813
2723.69650239998,65535,23910,10813
2728.708538399893,65535,23910,10812
2733.716757099959,65535,23910,10812
2738.72779039992,65535,23911,10811
2743.741944899899,65535,23915,10813
2748.751779299928,65535,23916,10813
2753.7620912999846,65535,23919,10812
2758.7707729999674,65535,23918,10812
2763.7817910999293,65535,23919,10813
2768.7899591999594,65535,23913,10813
2773.800660699955,65535,23918,10815
2778.8112855999498,65535,23917,10812
2783.808604099904,65535,23916,10812
2788.820877499995,65535,23922,10812
2793.830121399951,65535,23918,10811
2798.84029559989,65535,23916,10813
2803.853251799941,65535,23921,10813
2808.863657699898,65535,23915,10814
2813.8722239999333,65535,23917,10812
2818.8831264999462,65535,23918,10812
2823.893188899965,65535,23919,10812
2828.902111299918,65535,23911,10811
2833.912484899978,65535,23910,10812
2838.9089134999085,65535,23903,10812
2843.923024599906,65535,23898,10812
2848.9338693999453,65535,23890,10814
2853.943348699948,65535,23891,10811
2858.9539394999156,65535,23887,10813
2863.9656015998917,65535,23890,10813
2868.9761535999132,65535,23892,10814
2873.982825199957,65535,23892,10813
2878.995650299941,65535,23889,10813
2884.004921499989,65535,23893,10813
2889.013076999923,65535,23899,10812
2894.0239183999365,65535,23898,10812
2899.0218402999453,65535,23899,10812
2904.030945699895,65535,23897,10812
2909.041553499992,65535,23904,10812
2914.052524999948,65535,23905,10812
2919.062725899974,65535,23906,10812
2924.0760480999015,65535,23906,10812
2929.084634799976,65535,23907,10813
2934.0950654998887,65535,23908,10812
2939.1052237999393,65535,23907,10815
2944.1145299999043,65535,23903,10812
2949.1250739999814,65535,23905,10812
2954.135804599966,65535,23908,10812
2959.1326910998905,65535,23909,10813
2964.147072999971,65535,23905,10813
2969.156939999899,65535,23907,10813
2974.1639486999484,65535,23911,10811
2979.1777315998916,65535,23914,10813
2984.188353799982,65535,23909,10813
2989.1967201998923,65535,23910,10813
2994.209525799961,65535,23916,10815
2999.2175489999354,65535,23912,10812
2999.233634999953,65535,23909,10811
2999.248746499885,65535,23909,10812
2999.2653057998978,65535,23909,10813
2999.2812197998865,65535,23910,10811
2999.2968727999832,65535,23910,10812
2999.31359289994,65535,23907,10812
2999.3291460999753,65535,23910,10811
2999.3453192999586,65535,23911,10813
2999.361221499974,65535,23909,10813
2999.3915463999147,65535,23911,10812
2999.407569999923,65535,23909,10814
2999.4244788999204,65535,23910,10812
2999.442310399958,65535,23912,10813
2999.457713899901,65535,23910,10814
2999.4732226999477,65535,23909,10813
2999.489273699932,65535,23909,10814
2999.5051113999216,65535,23909,10813
2999.521553999977,65535,23910,10814
2999.5372359999456,65535,23910,10813
2999.5533265999984,65535,23909,10811
2999.583629499888,65535,23908,10812
2999.600105099962,65535,23911,10812
2999.616123099928,65535,23907,10812
2999.6324652999174,65535,23907,10813
2999.6496910999995,65535,23908,10813
2999.6655721999705,65535,23906,10812
2999.7156995999394,65535,23904,10812
2999.7197195999324,65535,23906,10812
2999.721629699925,65535,23909,10812
2999.7309294999577,65535,23908,10811
2999.745124799898,65535,23906,10814
2999.7613935999107,65535,23907,10811
2999.791814799886,65535,23906,10811
2999.8077432999853,65535,23908,10812
2999.823661299888,65535,23908,10813
2999.8417086999398,65535,23906,10813
2999.8594082999043,65535,23905,10815
2999.876071299892,65535,23906,10812
2999.8917572998907,65535,23907,10813
2999.907648299937,65535,23906,10812
2999.9236407999415,65535,23907,10813
2999.9397080999333,65535,23907,10812
2999.955239099916,65535,23906,10814
2999.9706316998927,65535,23904,10814
2999.9997216999764,65535,23906,10813
3000.0162646999815,65535,23908,10813
3000.0324414999923,65535,23908,10813
3000.051343799918,65535,23905,10812
3000.067398599931,65535,23906,10811
3000.0837698999094,65535,23907,10814
3000.0981784999603,65535,23905,10812
3000.1143624999095,65535,23906,10813
3000.130615299917,65535,23903,10813
3000.1460481999675,65535,23904,10813
3000.162581899902,65535,23903,10814
3000.1783117998857,65535,23904,10813
3000.207869499922,65535,23907,10813
3000.2238933999324,65535,23903,10815
3000.239991099923,65535,23905,10813
3000.257723999908,65535,23907,10812
3000.2734247999033,65535,23905,10812
3000.290333899902,65535,23904,10812
3000.3055529999547,65535,23905,10813
3000.3212944999104,65535,23905,10813
3000.337323099957,65535,23907,10813
3000.3534745998913,65535,23905,10814
3000.3696366999066,65535,23905,10813
3000.3855713999365,65535,23903,10812
3000.416390099912,65535,23905,10811
3000.4324965999695,65535,23904,10812
3000.4480609999737,65535,23904,10811
3000.4670572999166,65535,23904,10813
3000.483232999919,65535,23905,10812
3000.4984312999295,65535,23905,10813
3000.5144205999095,65535,23903,10813
3000.5302880998934,65535,23904,10814
3000.5458023999818,65535,23905,10814
3000.566716099973,65535,23904,10814
3000.591346899979,65535,23902,10812
3000.593789799954,65535,23904,10815
3000.624069799902,65535,23904,10814
3000.6401608999586,65535,23906,10813
3000.6561912999023,65535,23903,10814
3000.675232999958,65535,23904,10813
3000.691607499961,65535,23904,10812
3000.7079694999848,65535,23906,10812
3000.723830199917,65535,23906,10813
3000.7402893999824,65535,23905,10813
3000.7562670999905,65535,23901,10815
3000.7727777999826,65535,23904,10813
3000.7886985999066,65535,23906,10812
3000.804527899949,65535,23904,10812
3000.8321848999476,65535,23903,10814
3000.84831999999,65535,23903,10814
3000.86419699993,65535,23902,10813
3000.8835258999607,65535,23904,10812
3000.900360199972,65535,23904,10812
3000.9160674999002,65535,23905,10812
3000.9315443999367,65535,23904,10814
3000.9484628998907,65535,23903,10813
3000.9620926999487,65535,23903,10815
3000.978815899929,65535,23905,10813
3000.9951491999673,65535,23904,10813
3001.0104826999595,65535,23905,10814
3001.0403573999647,65535,23906,10812
3001.056374799926,65535,23901,10813
3001.0723663999233,65535,23902,10812
3001.090407499927,65535,23904,10813
3001.1056548999622,65535,23903,10812
3001.1218420999357,65535,23906,10814
3001.138125999947,65535,23906,10812
3001.1537703999784,65535,23903,10812
3001.1699456999777,65535,23902,10813
3001.1858968999004,65535,23903,10813
3001.202556299977,65535,23906,10813
3001.218163899961,65535,23905,10812
3001.248704199912,65535,23904,10812
3001.2651970000006,65535,23904,10813
3001.2804135999177,65535,23903,10814
3001.2986514999066,65535,23902,10812
3001.314644299913,65535,23902,10813
3001.363419399946,65535,23903,10812
3001.3667221999494,65535,23905,10813
3001.368689799914,65535,23904,10814
3001.3794245999306,65535,23907,10814
3001.3942605999764,65535,23904,10812
3001.4105129999807,65535,23902,10812
3001.4273672999116,65535,23902,10811
3001.456693999935,65535,23902,10812
3001.472545999917,65535,23904,10812
3001.48866189993,65535,23904,10813
3001.507902399986,65535,23906,10812
3001.5231424999656,65535,23906,10812
3001.539574799943,65535,23903,10812
3001.5564126999816,65535,23905,10814
3001.5731715,65535,23904,10813
3001.588461599895,65535,23903,10811
3001.6048747999594,65535,23902,10813
3001.620855599991,65535,23903,10813
3001.6378769999137,65535,23904,10813
3001.6648764999118,65535,23904,10812
3001.6812556999503,65535,23903,10814
3001.6972440999234,65535,23907,10814
3001.7157382000005,65535,23903,10812
3001.7331355999922,65535,23907,10813
3001.7488561999053,65535,23900,10813
3001.7645213999785,65535,23902,10813
3001.780397199909,65535,23902,10813
3001.7963606999256,65535,23902,10812
3001.812135999906,65535,23904,10812
3001.826263399911,65535,23903,10812
3001.842093199957,65535,23906,10812
3001.8727378998883,65535,23901,10813
3001.8887960999273,65535,23902,10813
3001.904753599898,65535,23902,10813
3001.9221838999074,65535,23903,10812
3001.938733799965,65535,23899,10812
3001.954831699957,65535,23903,10814
3001.970367199974,65535,23903,10812
3001.9865530999377,65535,23906,10814
3002.002637699945,65535,23903,10812
3002.0187925999053,65535,23903,10812
3002.0345494999783,65535,23901,10813
3002.0512089999393,65535,23901,10812
3002.0809932999546,65535,23900,10816
3002.0966613999335,65535,23902,10813
3002.112699099933,65535,23901,10812
3002.1301885999274,65535,23902,10813
3002.1465862999903,65535,23902,10812
3002.1629781998927,65535,23905,10814
3002.1789622999495,65535,23902,10813
3002.194627299905,65535,23904,10813
3002.2110962999286,65535,23901,10813
3002.2273547999794,65535,23899,10812
3002.2426249999553,65535,23901,10814
3002.25891939993,65535,23900,10814
3002.2965719999047,65535,23899,10813
3002.29816929996,65535,23902,10812
3002.321037399932,65535,23901,10814
3002.338538599899,65535,23901,10814
3002.3546760999598,65535,23899,10813
3002.3713428999763,65535,23899,10812
3002.387768299901,65535,23902,10813
3002.4050015999237,65535,23900,10813
3002.4210887999507,65535,23903,10813
3002.4371299999766,65535,23902,10815
3002.4533800999634,65535,23900,10812
3002.469540699967,65535,23903,10813
3002.497703399975,65535,23902,10814
3002.5136996998917,65535,23905,10813
3002.529290799983,65535,23903,10813
3002.549055099953,65535,23902,10814
3002.5661785999546,65535,23898,10811
3002.581271299976,65535,23901,10813
3002.5975479999324,65535,23901,10814
3002.612834499916,65535,23901,10812
3002.628311699955,65535,23901,10812
3002.6451163999736,65535,23902,10815
3002.661281199893,65535,23899,10813
3002.676359499921,65535,23899,10811
3002.7051079999655,65535,23901,10813
3002.721084299963,65535,23901,10813
3002.737200499978,65535,23901,10814
3002.754665699904,65535,23900,10813
3002.770795399905,65535,23901,10812
3002.78708369995,65535,23900,10814
3002.8037044999655,65535,23899,10812
3002.818776299944,65535,23900,10812
3002.835426699952,65535,23902,10813
3002.8511320999824,65535,23900,10812
3002.867259499966,65535,23899,10813
3002.8830762999132,65535,23900,10812
3002.9132793999743,65535,23899,10812
3002.9292932999087,65535,23896,10812
3007.9267763999524,65535,23924,10813
3012.9374685999937,65535,23915,10813
3017.9471987999277,65535,23914,10814
3022.9587383999024,65535,23913,10813
3027.9694228000008,65535,23913,10814
3032.979499799898,65535,23914,10811
3037.9771962999366,65535,23913,10813
3042.9985977999168,65535,23918,10811
3048.009976499947,65535,23915,10813
3053.0067726999987,65535,23920,10812
3058.0173435999313,65535,23914,10811
3063.0274693999672,65535,23917,10813
3068.03846229997,65535,23922,10812
3073.049469599966,65535,23920,10812
3078.0595257999375,65535,23921,10812
3083.069944899995,65535,23922,10812
3088.080862799892,65535,23921,10813
3093.0906556999544,65535,23920,10812
3098.101909299963,65535,23920,10812
3103.113069099956,65535,23918,10812
3108.1231155999703,65535,23921,10814
3113.131013099919,65535,23919,10812
3118.142104599974,65535,23922,10814
3123.1387255999725,65535,23925,10812
3128.1489617999177,65535,23921,10813
3133.1575175999897,65535,23925,10812
3138.1691022999585,65535,23925,10812
3143.180648599984,65535,23921,10813
3148.189858299913,65535,23927,10813
3153.2005283999024,65535,23922,10813
3158.212260099943,65535,23924,10813
3163.223040999961,65535,23925,10813
3168.2340067999903,65535,23924,10812
3173.242128899903,65535,23924,10813
3178.2526406999677,65535,23928,10815
3183.2629144999664,65535,23925,10814
3188.259755499894,65535,23926,10812
3193.2704416998895,65535,23926,10813
3198.2801127999555,65535,23929,10813
3203.2911905999063,65535,23931,10813
3208.3021103999345,65535,23925,10812
3213.312016999931,65535,23930,10812
3218.321356499917,65535,23927,10813
3223.3332938998938,65535,23930,10813
3228.3442196999677,65535,23925,10812
3233.3414344999474,65535,23931,10813
3238.3625380999874,65535,23929,10813
3243.373821299989,65535,23928,10815
3248.383677799953,65535,23933,10812
3253.379380599945,65535,23932,10813
3258.391611799947,65535,23928,10813
3263.3999417999294,65535,23930,10814
3268.4139783999417,65535,23927,10813
3273.422689699917,65535,23930,10811
3278.432861999958,65535,23930,10812
3283.444001799915,65535,23933,10814
3288.454463699949,65535,23932,10813
3293.465311699896,65535,23931,10816
3298.474953899975,65535,23926,10815
3303.4836344999494,65535,23926,10813
3308.494758699904,65535,23926,10812
3313.5046746999724,65535,23931,10812
3318.501290199929,65535,23929,10822
3323.5125172999687,65535,23931,10822
3328.5234284999315,65535,23924,10813
3333.533047599951,65535,23917,10814
3338.5436052998994,65535,23910,10814
3343.554197999998,65535,23906,10823
3348.5645633999957,65535,23898,10822
3353.5756845999276,65535,23900,10816
3358.5858678999357,65535,23895,10824
3363.5963452999713,65535,23893,10813
3368.604578899918,65535,23891,10813
3373.6153900999343,65535,23887,10814
3378.610615299898,65535,23880,10825
3383.62255729991,65535,23877,10814
3388.6333468999946,65535,23876,10812
3393.6434426999185,65535,23871,10824
3398.6544417999685,65535,23865,10811
3403.6648239999777,65535,23865,10813
3408.675580699928,65535,23865,10824
3413.6856859999243,65535,23863,10811
3418.696731299977,65535,23864,10813
3423.7075260999845,65535,23861,10813
3428.714911099989,65535,23861,10825
3428.7332451998955,65535,23854,10813
3428.7490849999012,65535,23858,10812
3428.7650807999307,65535,23856,10813
3428.7813602999086,65535,23856,10822
3428.7967557999073,65535,23856,10814
3428.8132867999375,65535,23856,10823
3428.8288171999156,65535,23856,10812
3428.8452068999177,65535,23857,10823
3428.861009699991,65535,23859,10814
3428.8912131999386,65535,23857,10822
3428.907641599886,65535,23856,10813
3428.9235652999487,65535,23858,10824
3428.9405494999373,65535,23857,10813
3428.9568504999625,65535,23856,10814
3428.9730220999336,65535,23858,10822
3428.9891059999354,65535,23858,10813
3429.004917299957,65535,23854,10825
3429.0214426999446,65535,23854,10811
3429.0369454999454,65535,23857,10825
3429.0531510999426,65535,23858,10814
3429.0688522999408,65535,23853,10823
3429.0992319999496,65535,23853,10814
3429.1151314999443,65535,23855,10825
3429.131054599886,65535,23857,10812
3429.1488583999453,65535,23856,10824
3429.1646852999693,65535,23857,10811
3429.1807411999907,65535,23855,10812
3429.1975591999944,65535,23854,10821
3429.2138071999652,65535,23853,10813
3429.2296339999884,65535,23852,10810
3429.2450276999734,65535,23854,10824
3429.2608967999695,65535,23853,10811
3429.2772090999642,65535,23853,10813
3429.3072191999527,65535,23855,10813
3429.3232587999664,65535,23854,10823
3429.3458958999254,65535,23857,10813
3429.3710244999966,65535,23854,10823
3429.3747187999543,65535,23854,10814
3429.388763499912,65535,23854,10822
3429.4049120999407,65535,23853,10812
3429.4209337999346,65535,23852,10813
3429.4376835000003,65535,23851,10824
3429.4540281998925,65535,23851,10813
3429.4707011999562,65535,23851,10813
3429.487115899916,65535,23855,10822
3429.5153019999852,65535,23852,10814
3429.5313154999167,65535,23854,10812
3429.547399999923,65535,23853,10825
3429.5660525999265,65535,23854,10810
3429.5823578999843,65535,23852,10814
3429.5985243999166,65535,23852,10824
3429.6151960999705,65535,23854,10812
3429.6318647000007,65535,23854,10811
3429.6468961999053,65535,23855,10824
3429.6631382999476,65535,23851,10812
3429.6775389999384,65535,23854,10824
3429.692951899953,65535,23854,10813
3429.72345629998,65535,23850,10825
3429.7399256998906,65535,23852,10812
3429.7565463999053,65535,23853,10822
3429.7736447999487,65535,23853,10813
3429.789237699937,65535,23854,10812
3429.8049963999074,65535,23850,10823
3429.820988399908,65535,23854,10810
3429.836993399891,65535,23853,10825
3429.854004199966,65535,23854,10812
3429.869234499987,65535,23854,10813
3429.885033599916,65535,23854,10814
3429.9009899999946,65535,23853,10813
3429.9316603998886,65535,23852,10811
3429.947472599917,65535,23852,10824
3429.9644686999964,65535,23851,10813
3429.9813552999403,65535,23853,10825
3429.998700799886,65535,23854,10813
3430.0136766999494,65535,23852,10813
3430.0309755998896,65535,23853,10823
3430.045874299947,65535,23852,10812
3430.0623447999824,65535,23851,10812
3430.0781573998975,65535,23853,10822
3430.0950527999084,65535,23851,10812
3430.110844099894,65535,23852,10823
3430.140241999994,65535,23855,10813
3430.1558659999864,65535,23854,10814
3430.173003199976,65535,23850,10811
3430.1892759999027,65535,23854,10823
3430.2055071999785,65535,23854,10813
3430.2220434999326,65535,23852,10821
3430.237939699902,65535,23851,10813
3430.254270999925,65535,23852,10824
3430.294526799931,65535,23851,10813
3430.298766599968,65535,23854,10822
3430.3009791999357,65535,23852,10814
3430.3171789998887,65535,23852,10812
3430.347733399947,65535,23853,10822
3430.3637566999532,65535,23851,10813
3430.38145789993,65535,23850,10825
3430.399864399922,65535,23849,10813
3430.416916599963,65535,23850,10814
3430.433587099891,65535,23850,10820
3430.448918399983,65535,23850,10813
3430.463181499974,65535,23853,10813
3430.479941400001,65535,23851,10812
3430.4966963999905,65535,23851,10821
3430.512248599902,65535,23852,10812
3430.5281610999955,65535,23850,10823
3430.55611279991,65535,23851,10813
3430.5726124999346,65535,23847,10823
3430.5902041998925,65535,23852,10812
3430.607520099962,65535,23855,10822
3430.6242376999,65535,23852,10812
3430.6398809999228,65535,23850,10821
3430.6561587998876,65535,23852,10812
3430.672171999933,65535,23852,10825
3430.6882713999366,65535,23852,10813
3430.7047659999225,65535,23850,10823
3430.7193002999993,65535,23852,10810
3430.7357589999447,65535,23852,10823
3430.7640331999864,65535,23852,10811
3430.780060799909,65535,23849,10822
3430.7983713999856,65535,23850,10812
3430.817442599917,65535,23849,10813
3430.8323267999804,65535,23853,10825
3430.848733699997,65535,23851,10813
3430.8616778999567,65535,23851,10821
3430.877872299985,65535,23851,10813
3430.8940491999965,65535,23848,10824
3430.9109876999864,65535,23850,10812
3430.9280964999925,65535,23850,10814
3430.9443631999893,65535,23850,10823
3430.9722403999185,65535,23850,10814
3430.9887253999477,65535,23852,10813
3431.03547049989,65535,23849,10822
3431.051070599933,65535,23850,10813
3431.05489629996,65535,23850,10824
3431.056729099946,65535,23850,10812
3431.065576199908,65535,23850,10821
3431.082086399896,65535,23852,10812
3431.0984966999386,65535,23849,10823
3431.1282801999478,65535,23853,10811
3431.1442626999924,65535,23850,10823
3431.1620025999146,65535,23850,10814
3431.1805591998855,65535,23849,10812
3431.196674699895,65535,23849,10813
3431.2130943998927,65535,23849,10822
3431.2286951999413,65535,23847,10814
3431.2448290999746,65535,23847,10823
3431.2609870999586,65535,23849,10814
3431.2769389998866,65535,23848,10824
3431.2924090999877,65535,23847,10812
3431.3085932999384,65535,23846,10812
3431.3367976999143,65535,23849,10821
3431.3523368999595,65535,23845,10811
3431.3696425999515,65535,23848,10810
3431.3864023999777,65535,23848,10812
3431.4025210998952,65535,23848,10824
3431.4179110999685,65535,23847,10813
3431.434811199899,65535,23848,10825
3431.4504899999592,65535,23846,10809
3431.4668787999544,65535,23848,10824
3431.482372399885,65535,23847,10810
3431.498644899926,65535,23849,10821
3431.514950699988,65535,23847,10813
3431.544534399989,65535,23849,10821
3431.5603924999014,65535,23848,10814
3431.5778395999223,65535,23849,10813
3431.5958117999835,65535,23850,10822
3431.6105017999653,65535,23847,10812
3431.626572599984,65535,23849,10824
3431.641915999935,65535,23846,10813
3431.6582469999557,65535,23849,10811
3431.6747851999244,65535,23848,10812
3431.691122899996,65535,23851,10824
3431.7066891998984,65535,23848,10812
3431.722863199888,65535,23848,10812
3431.7525875999127,65535,23846,10823
3431.768954799976,65535,23848,10814
3431.785894199973,65535,23844,10811
3431.80251999991,65535,23846,10823
3431.818492099992,65535,23847,10813
3431.8339201998897,65535,23847,10814
3431.8500802998897,65535,23846,10821
3431.866176899988,65535,23846,10813
3431.8822186999023,65535,23846,10825
3431.898534699925,65535,23845,10812
3431.9139826999744,65535,23844,10824
3431.929996999912,65535,23845,10812
3431.9606954999035,65535,23844,10823
3431.9766932999482,65535,23846,10812
3431.993759199977,65535,23844,10812
3432.010624799994,65535,23843,10821
3432.027181099984,65535,23844,10813
3432.0429623998934,65535,23845,10813
3432.058972199913,65535,23844,10810
3432.0749279999873,65535,23846,10823
3432.0903214999707,65535,23847,10812
3432.1067733999807,65535,23845,10825
3432.123348999885,65535,23846,10813
3432.138750699931,65535,23848,10823
3432.188013099949,65535,23846,10813
3432.191607799963,65535,23846,10820
3432.2023226999445,65535,23845,10812
3432.217994799954,65535,23846,10822
3432.234502599924,65535,23847,10813
3432.2520537999226,65535,23847,10823
3432.267780299997,65535,23848,10811
3432.2842737999745,65535,23845,10820
3432.3004595999373,65535,23846,10812
3432.316533699981,65535,23845,10814
3432.334356999956,65535,23847,10824
3432.3490955999587,65535,23845,10811
3432.3769294999074,65535,23844,10823
3432.3928048999514,65535,23845,10812
3432.4096835999517,65535,23844,10813
3432.4264943999005,65535,23845,10820
3432.442346799886,65535,23846,10813
3437.4520358999725,65535,23861,10824
3442.4619054999202,65535,23855,10822
3447.472434999887,65535,23850,10823
3452.470761899953,65535,23844,10823
3457.4825493999524,65535,23847,10822
3462.492550999974,65535,23844,10813
3467.5034647999564,65535,23842,10813
3472.5140305999666,65535,23844,10812
3477.5242110999534,65535,23839,10812
3482.535507899942,65535,23836,10811
3487.543570699985,65535,23835,10815
3492.5564736999804,65535,23839,10820
3497.5628679998918,65535,23836,10812
3502.5723624998936,65535,23833,10810
3507.5828807998914,65535,23832,10812
3512.5936560999835,65535,23832,10812
3517.592498199898,65535,23832,10812
3522.602892799885,65535,23832,10812
3527.6133242999204,65535,23830,10821
3532.622982599889,65535,23828,10811
3537.6331604999723,65535,23829,10824
3542.645206999965,65535,23821,10813
3547.6567192999646,65535,23823,10812
3552.6656989998883,65535,23820,10813
3557.6759663999546,65535,23825,10811
3562.682707699947,65535,23821,10812
3567.69392469991,65535,23819,10813
3572.703679399914,65535,23819,10812
3577.6998689998873,65535,23817,10822
3582.713424699963,65535,23817,10810
3587.723503699992,65535,23820,10823
3592.734485099907,65535,23816,10813
3597.7442113999277,65535,23811,10811
3602.7551973999944,65535,23816,10824
3607.7659915999975,65535,23814,10811
3612.77682109992,65535,23815,10823
3617.7862680999096,65535,23809,10825
3622.7966889999807,65535,23810,10813
3627.803147099912,65535,23810,10811
3632.81357499992,65535,23807,10813
3637.825194599922,65535,23808,10823
3642.8236869999673,65535,23806,10823
3647.83426449995,65535,23807,10812
3652.8451413000003,65535,23808,10820
3657.852629299974,65535,23805,10820
3662.866207199986,65535,23804,10822
3667.876173799974,65535,23804,10812
3672.8834284999175,65535,23804,10811
3677.8973852999043,65535,23806,10811
3682.9076055999612,65535,23807,10822
3687.9136472999817,65535,23804,10809
3692.92417569994,65535,23804,10823
3697.935338799958,65535,23803,10812
3702.934420699952,65535,23804,10823
3707.9452852999093,65535,23804,10808
3712.9517577999504,65535,23800,10819
3717.9650935999816,65535,23798,10811
3722.972926999908,65535,23807,10821
3727.986733599915,65535,23804,10811
3732.9978489999194,65535,23805,10811
3738.00515969994,65535,23801,10813
3743.0157829999225,65535,23798,10814
3748.0258436999284,65535,23797,10824
3753.0347007999662,65535,23798,10812
3758.0458977998933,65535,23797,10812
3763.055913399905,65535,23799,10822
3768.0557784999255,65535,23796,10810
3773.0654951999895,65535,23791,10822
3778.075728799915,65535,23796,10823
3783.0865411999403,65535,23792,10821
3788.097144200001,65535,23789,10810
3793.1078505999176,65535,23790,10813
3798.1161206999095,65535,23790,10811
3803.129134399933,65535,23786,10823
3808.1397911999375,65535,23790,10811
3813.1457392999437,65535,23790,10810
3818.155974299996,65535,23788,10822
3823.166075999965,65535,23787,10811
3828.1628405998927,65535,23784,10822
3833.176012199954,65535,23789,10823
3838.1867509998847,65535,23791,10820
3843.1970624999376,65535,23784,10822
3848.2079048999585,65535,23782,10812
3853.218854499981,65535,23781,10811
3858.2285050998908,65535,23788,10820
3858.2447611999232,65535,23786,10812
3858.2574204999255,65535,23784,10819
3858.2732663999777,65535,23788,10812
3858.289492999902,65535,23786,10823
3858.3055738999974,65535,23786,10811
3858.3218797999434,65535,23785,10824
3858.3670561999315,65535,23785,10811
3858.3770248999353,65535,23784,10811
3858.3867148999125,65535,23785,10822
3858.4020261999685,65535,23784,10810
3858.4182804999873,65535,23786,10822
3858.434104499989,65535,23785,10811
3858.450853599934,65535,23783,10822
3858.4674146999605,65535,23787,10810
3858.4830928999,65535,23785,10822
3858.4991292998893,65535,23786,10811
3858.515683799982,65535,23786,10819
3858.5311420999933,65535,23784,10811
3858.5603062999435,65535,23784,10822
3858.5763138999464,65535,23785,10811
3858.5936372999568,65535,23784,10823
3858.6113790998934,65535,23785,10811
3858.6276246999623,65535,23783,10822
3858.6433236999437,65535,23783,10809
3858.6595335999737,65535,23781,10821
3858.6751146999886,65535,23786,10813
3858.692599699949,65535,23784,10821
3858.705968299997,65535,23783,10810
3858.722128900001,65535,23784,10822
3858.75214389991,65535,23785,10812
3858.7681318999967,65535,23782,10813
3858.78427059995,65535,23784,10821
3858.802163399989,65535,23783,10813
3858.8203444998944,65535,23783,10821
3858.834551399923,65535,23784,10812
3858.849734599935,65535,23783,10821
3858.865830399911,65535,23781,10810
3858.882065899903,65535,23781,10818
3858.8977313999785,65535,23782,10812
3858.9144260999747,65535,23781,10823
3858.9302039999748,65535,23782,10812
3858.9604766999837,65535,23782,10824
3858.976325399941,65535,23781,10810
3858.9924579999642,65535,23783,10822
3859.0098415999673,65535,23782,10814
3859.0257289999863,65535,23782,10821
3859.042063599918,65535,23779,10812
3859.0580449999543,65535,23783,10824
3859.0738592999987,65535,23780,10810
3859.089980699937,65535,23783,10822
3859.106182899908,65535,23781,10810
3859.122290499974,65535,23782,10822
3859.138385399943,65535,23782,10810
3859.1685165999224,65535,23784,10822
3859.184572899947,65535,23782,10812
3859.2005714999977,65535,23780,10824
3859.2184405999724,65535,23784,10812
3859.2343684999505,65535,23780,10821
3859.25010569999,65535,23780,10812
3859.2663538999623,65535,23777,10820
3859.2826414998854,65535,23781,10812
3859.2982113999315,65535,23782,10822
3859.31462249998,65535,23777,10813
3859.3308407999575,65535,23781,10821
3859.3465083999326,65535,23781,10810
3859.3851199999917,65535,23780,10822
3859.409038099926,65535,23781,10812
3859.4144624999026,65535,23780,10810
3859.427224999992,65535,23780,10822
3859.442384199938,65535,23779,10813
3859.4583702998934,65535,23777,10820
3859.4746932999697,65535,23778,10812
3859.4910579998977,65535,23780,10821
3859.50724289997,65535,23780,10811
3859.5237539999653,65535,23779,10822
3859.540730699897,65535,23779,10810
3859.557130899979,65535,23781,10822
3859.5853332999395,65535,23780,10812
3859.6007733999286,65535,23779,10823
3859.6173432999058,65535,23779,10812
3859.636680699885,65535,23781,10820
3859.6531928998884,65535,23780,10813
3859.668634899892,65535,23780,10820
3859.685132299899,65535,23780,10812
3859.7004685999127,65535,23779,10820
3859.7164293999085,65535,23781,10812
3859.732910499908,65535,23778,10823
3859.7483687999193,65535,23779,10812
3859.7633929998847,65535,23778,10810
3859.793056199909,65535,23778,10823
3859.808953499887,65535,23776,10813
3859.824808599893,65535,23777,10819
3859.84303489991,65535,23778,10812
3859.858045000001,65535,23776,10811
3859.874112099991,65535,23779,10820
3859.890606399975,65535,23777,10812
3859.9062120999442,65535,23777,10819
3859.9224262998905,65535,23779,10811
3859.9385985999834,65535,23776,10821
3859.9551987999585,65535,23777,10811
3859.9718586999224,65535,23779,10818
3860.000937499921,65535,23778,10812
3860.0169036999578,65535,23778,10823
3860.032953899936,65535,23775,10810
3860.051517999964,65535,23777,10824
3860.0683308999287,65535,23774,10809
3860.0841224999167,65535,23774,10822
3860.099810799933,65535,23776,10811
3860.1164535999997,65535,23775,10811
3860.1319278999,65535,23774,10822
3860.147858299897,65535,23773,10813
3860.164342199918,65535,23777,10820
3860.179964199895,65535,23773,10812
3860.2091100999387,65535,23775,10813
3860.2250829999102,65535,23773,10821
3860.240882199956,65535,23774,10811
3860.259075799957,65535,23776,10821
3860.274985799915,65535,23773,10812
3860.291489699972,65535,23774,10824
3860.307100999984,65535,23775,10812
3860.322932299925,65535,23774,10820
3860.3385926999617,65535,23776,10810
3860.354875799967,65535,23775,10821
3860.370948099997,65535,23776,10811
3860.386771999998,65535,23778,10810
3860.417175499955,65535,23775,10822
3860.432984999963,65535,23776,10811
3860.4496404998936,65535,23775,10820
3860.4673747998895,65535,23773,10813
3860.4827822999796,65535,23775,10818
3860.4986808999674,65535,23775,10812
3860.5148001998896,65535,23775,10820
3860.5305391999427,65535,23777,10812
3860.5470454999013,65535,23777,10823
3860.5631585998926,65535,23775,10810
3860.5789365998935,65535,23774,10822
3860.5951767999213,65535,23776,10813
3860.6252457998926,65535,23776,10810
3860.6520317998948,65535,23776,10822
3860.6669668999966,65535,23778,10812
3860.674498199951,65535,23777,10821
3860.6906223999104,65535,23778,10809
3860.7066128998995,65535,23780,10821
3860.723595699994,65535,23778,10812
3860.740526899928,65535,23776,10825
3860.7554517999524,65535,23780,10811
3860.7723351999884,65535,23780,10821
3860.789540299913,65535,23779,10811
3860.8059160999255,65535,23776,10822
3860.833502899972,65535,23780,10810
3860.849496799987,65535,23779,10822
3860.865484699956,65535,23778,10812
3860.8831914999755,65535,23781,10820
3860.898523699958,65535,23778,10812
3860.914664299926,65535,23777,10820
3860.931071299943,65535,23777,10810
3860.9473725999705,65535,23776,10818
3860.9633018999593,65535,23780,10810
3860.9794958999846,65535,23778,10823
3860.995790999965,65535,23776,10810
3861.01192989992,65535,23778,10821
3861.041584499995,65535,23775,10811
3861.057642599917,65535,23778,10811
3861.0740588998888,65535,23776,10820
3861.091199599905,65535,23777,10812
3861.107475899975,65535,23777,10819
3861.123066399945,65535,23776,10812
3861.139251299901,65535,23778,10820
3861.15509549994,65535,23776,10813
3861.1709448999027,65535,23778,10823
3861.187248299946,65535,23781,10811
3861.203070599935,65535,23776,10823
3861.219388299971,65535,23775,10809
3861.2497050999664,65535,23776,10823
3861.265866099973,65535,23778,10812
3861.2820725999773,65535,23776,10820
3861.2990961999167,65535,23777,10811
3861.3149675999302,65535,23778,10820
3861.3312967999373,65535,23777,10811
3861.347295899992,65535,23779,10823
3861.363112699939,65535,23779,10813
3861.3788833,65535,23777,10819
3861.395031199907,65535,23777,10810
3861.411087199929,65535,23775,10821
3861.453855599975,65535,23778,10813
3861.4560824999353,65535,23776,10824
3861.473719499889,65535,23774,10810
3861.489714599913,65535,23775,10819
3861.507019099896,65535,23775,10813
3861.5241703999927,65535,23776,10823
3861.5401823999127,65535,23776,10814
3861.5568908998976,65535,23777,10821
3861.5737000999507,65535,23778,10813
3861.5895883999765,65535,23781,10822
3861.6063538999297,65535,23776,10810
3861.6223508999683,65535,23776,10823
3861.639442399959,65535,23775,10812
3861.6659874999896,65535,23775,10822
3861.6817727999296,65535,23778,10810
3861.6977190999314,65535,23778,10823
3861.7168416999048,65535,23776,10810
3861.733222599956,65535,23777,10820
3861.7501467999537,65535,23773,10812
3861.766097099986,65535,23775,10823
3861.78137709992,65535,23775,10813
3861.7954293999355,65535,23777,10809
3861.812106999918,65535,23774,10822
3861.8298639999703,65535,23777,10813
3861.844950599945,65535,23777,10820
3861.8740144999465,65535,23777,10811
3861.889793499955,65535,23776,10823
3861.905769599951,65535,23778,10809
3861.9230017999653,65535,23776,10821
3861.939423099975,65535,23776,10811
3861.9558266999666,65535,23775,10823
3866.964689599932,65535,23791,10823
3871.9617358999094,65535,23781,10813
3876.973855499993,65535,23781,10821
3881.985281299916,65535,23782,10820
3886.995151499985,65535,23781,10809
3892.005672299885,65535,23779,10820
3897.013736199937,65535,23779,10820
3902.0222751999972,65535,23779,10819
3907.0322742999997,65535,23775,10822
3912.0318502999144,65535,23774,10811
3917.0426142999204,65535,23772,10811
3922.0522006999236,65535,23776,10813
3927.063744099927,65535,23774,10822
3932.074259799905,65535,23773,10821
3937.0846596999327,65535,23774,10821
3942.0951572998893,65535,23779,10820
3947.1051268999,65535,23775,10812
3952.115618999931,65535,23773,10812
3957.126281099976,65535,23771,10810
3962.1327540999046,65535,23769,10814
3967.142937699915,65535,23769,10824
3972.1535733999917,65535,23769,10812
3977.1529101999477,65535,23770,10811
3982.160727199982,65535,23765,10811
3987.1710905999644,65535,23769,10810
3992.182677899953,65535,23763,10810
3997.1956890999572,65535,23764,10819
4002.206221499946,65535,23759,10810
4007.2134787999094,65535,23764,10812
4012.226368399919,65535,23762,10812
4017.2366659999825,65535,23762,10811
4022.2456650999375,65535,23759,10811
4027.253804899985,65535,23758,10810
4032.2643994999817,65535,23758,10819
4037.2743870998966,65535,23753,10819
4042.27109439997,65535,23755,10812
4047.2839408,65535,23757,10819
4052.295397699927,65535,23757,10812
4057.3062376999296,65535,23755,10823
4062.31614349992,65535,23755,10811
4067.3265617999714,65535,23761,10821
4072.33429239993,65535,23757,10810
4077.3475484999362,65535,23752,10818
4082.3551141999196,65535,23754,10823
4087.364374699886,65535,23753,10822
4092.37428229989,65535,23752,10822
4097.384564899956,65535,23754,10821
4102.395754599944,65535,23757,10821
4107.394991599955,65535,23754,10823
4112.405334299896,65535,23752,10822
4117.412165299989,65535,23752,10822
4122.426252499921,65535,23755,10820
4127.43651359994,65535,23752,10818
4132.445088899927,65535,23749,10824
4137.458037999924,65535,23750,10825
4142.468127699918,65535,23750,10811
4147.475775799947,65535,23755,10810
4152.485449099913,65535,23748,10821
4157.494971399894,65535,23750,10821
4162.506372899981,65535,23751,10811
4167.516067299992,65535,23749,10811
4172.515184499905,65535,23746,10821
4177.524662999902,65535,23745,10809
4182.533143299981,65535,23743,10813
4187.543436099892,65535,23752,10822
4192.55426029989,65535,23745,10819
4197.565133599914,65535,23745,10819
4202.575149399927,65535,23744,10820
4207.5879639999475,65535,23742,10810
4212.596859899932,65535,23743,10810
4217.606141899945,65535,23743,10818
4222.615786899929,65535,23742,10820
4227.626530699898,65535,23741,10810
4232.622974599944,65535,23740,10820
4237.636614799965,65535,23742,10812
4242.646136099938,65535,23739,10812
4247.6549171999795,65535,23740,10819
4252.667744099977,65535,23742,10812
4257.679203699925,65535,23738,10812
4262.688498699921,65535,23738,10811
4267.6977969999425,65535,23742,10809
4272.709974400001,65535,23739,10822
4277.717369499966,65535,23735,10819
4282.726726399967,65535,23739,10811
4287.737161299912,65535,23741,10811
4287.753771199961,65535,23744,10823
4287.770548099885,65535,23744,10807
4287.786911699921,65535,23743,10820
4287.802665299969,65535,23742,10812
4287.8188792999135,65535,23743,10819
4287.834867899888,65535,23742,10812
4287.850645499886,65535,23741,10818
4287.866459899931,65535,23743,10811
4287.882975199958,65535,23744,10819
4287.899024199927,65535,23741,10810
4287.929196699988,65535,23741,10820
4287.9453706999775,65535,23738,10810
4287.961156799924,65535,23739,10820
4287.978436699952,65535,23739,10810
4287.99524869991,65535,23739,10822
4288.010904399911,65535,23735,10808
4288.0265971999615,65535,23739,10820
4288.042507799924,65535,23739,10811
4288.058637299924,65535,23736,10820
4288.074763799901,65535,23733,10811
4288.090892299893,65535,23739,10821
4288.107353599975,65535,23739,10811
4288.137897399953,65535,23737,10819
4288.15340709989,65535,23740,10812
4288.169320399989,65535,23740,10820
4288.1866142998915,65535,23738,10812
4288.202660999959,65535,23737,10820
4288.218728499953,65535,23738,10813
4288.235079699894,65535,23735,10819
4288.250908599934,65535,23736,10810
4288.266980299959,65535,23737,10819
4288.282916899887,65535,23737,10811
4288.299018299906,65535,23740,10820
4288.315182999941,65535,23740,10811
4288.345334399957,65535,23740,10819
4288.361408500001,65535,23739,10811
4288.377470599953,65535,23739,10821
4288.395098099951,65535,23737,10812
4288.411336399964,65535,23736,10820
4288.427137099905,65535,23737,10814
4288.443121799966,65535,23733,10822
4288.459006899968,65535,23735,10811
4288.475435999921,65535,23738,10820
4288.492110399995,65535,23734,10810
4288.506760499906,65535,23737,10822
4288.523437799886,65535,23735,10810
4288.553944699932,65535,23735,10819
4288.569460199913,65535,23735,10812
4288.586096099927,65535,23734,10819
4288.602946499945,65535,23736,10811
4288.619401799981,65535,23735,10822
4288.634900199948,65535,23736,10808
4288.651295299991,65535,23737,10823
4288.667182299891,65535,23737,10812
4288.683612499968,65535,23736,10821
4288.699504299904,65535,23737,10810
4288.715555299888,65535,23737,10823
4288.731459199917,65535,23736,10808
4288.761673099943,65535,23734,10821
4288.777929599979,65535,23733,10811
4288.795170599944,65535,23733,10822
4288.811680799932,65535,23732,10813
4288.82782929996,65535,23735,10821
4288.843525599921,65535,23736,10808
4288.859047599952,65535,23734,10822
4288.875115999952,65535,23735,10814
4288.89110639994,65535,23737,10821
4288.9071535998955,65535,23736,10808
4288.923176799901,65535,23732,10821
4288.939578599995,65535,23732,10811
4288.969685299904,65535,23738,10820
4288.98586929997,65535,23733,10810
4289.0025552998995,65535,23732,10820
4289.019757599919,65535,23733,10812
4289.035081699956,65535,23734,10822
4289.051208099932,65535,23731,10809
4289.067153199925,65535,23732,10821
4289.083071599947,65535,23736,10811
4289.099220199976,65535,23732,10822
4289.115241199965,65535,23732,10812
4289.131819399889,65535,23731,10819
4289.1477101999335,65535,23731,10812
4289.178000799962,65535,23735,10819
4289.193769699894,65535,23729,10810
4289.210922300001,65535,23734,10819
4289.227582599968,65535,23731,10811
4289.2440696998965,65535,23734,10822
4289.2593366999645,65535,23734,10812
4289.2751978999,65535,23736,10822
4289.292040199973,65535,23733,10811
4289.308071199921,65535,23735,10819
4289.32406829996,65535,23734,10813
4289.339539699955,65535,23731,10820
4289.355222899932,65535,23734,10811
4289.385986799956,65535,23734,10822
4289.402063999907,65535,23732,10808
4289.418949999963,65535,23734,10821
4289.435249499977,65535,23734,10809
4289.4514787999215,65535,23733,10820
4289.46750369994,65535,23729,10811
4289.48379879992,65535,23732,10820
4289.499788799905,65535,23733,10811
4289.5156039999565,65535,23733,10819
4289.53143209999,65535,23733,10811
4289.547762699891,65535,23735,10819
4289.563741399907,65535,23734,10811
4289.594244899927,65535,23734,10821
4289.610025099944,65535,23736,10807
4289.626759199891,65535,23733,10821
4289.643209999893,65535,23733,10808
4289.660044399905,65535,23734,10820
4289.675233399961,65535,23734,10810
4289.69216909993,65535,23731,10820
4289.707969999989,65535,23735,10811
4289.723334599985,65535,23733,10818
4289.74010299996,65535,23733,10812
4289.755778599996,65535,23732,10819
4289.77150189993,65535,23733,10810
4289.80214829999,65535,23732,10822
4289.818095999886,65535,23732,10811
4289.835799799999,65535,23732,10819
4289.852089799941,65535,23733,10811
4289.867724599899,65535,23734,10819
4289.8836950999685,65535,23730,10811
4289.899836299941,65535,23731,10818
4289.915574099985,65535,23732,10811
4289.9315059999935,65535,23735,10822
4289.947695299983,65535,23732,10811
4289.964108899934,65535,23732,10819
4289.979971299996,65535,23731,10809
4290.010613099905,65535,23734,10818
4290.02650919999,65535,23732,10811
4290.043705999968,65535,23730,10818
4290.060400499962,65535,23732,10812
4290.07684419991,65535,23732,10820
4290.0928642998915,65535,23730,10811
4290.108417499927,65535,23730,10818
4290.123846899951,65535,23731,10811
4290.139931099955,65535,23729,10821
4290.1561871999875,65535,23729,10811
4290.172125799931,65535,23730,10820
4290.1884326,65535,23732,10810
4290.218805999961,65535,23728,10822
4290.234999899985,65535,23727,10811
4290.251268599997,65535,23729,10821
4290.2679722999455,65535,23728,10810
4290.2839346999535,65535,23731,10822
4290.300175399985,65535,23727,10811
4290.316003799904,65535,23728,10819
4290.331976599991,65535,23730,10812
4290.347865299904,65535,23726,10819
4290.364237399888,65535,23730,10812
4290.380199599895,65535,23729,10821
4290.396682699909,65535,23731,10811
4290.426563999965,65535,23731,10822
4290.442731099902,65535,23731,10807
4290.46004939999,65535,23731,10820
4290.4760958999395,65535,23729,10810
4290.491832299973,65535,23730,10822
4290.508804799989,65535,23729,10810
4290.524865199928,65535,23732,10821
4290.540468399995,65535,23731,10812
4290.556856099982,65535,23729,10822
4290.572680999991,65535,23728,10809
4290.588773799944,65535,23728,10821
4290.604553699959,65535,23730,10811
4290.635163799976,65535,23730,10822
4290.650786399958,65535,23730,10811
4290.667660799925,65535,23731,10819
4290.706989299972,65535,23732,10810
4290.709275999921,65535,23728,10819
4290.7158167999005,65535,23731,10811
4290.732558899908,65535,23730,10819
4290.747976399958,65535,23730,10812
4290.763994599925,65535,23729,10821
4290.780398699921,65535,23730,10811
4290.796749399975,65535,23732,10819
4290.812576799886,65535,23730,10811
4290.842684499919,65535,23733,10819
4290.858773799962,65535,23731,10812
4290.875548599986,65535,23731,10820
4290.891943199909,65535,23732,10810
4290.908006399986,65535,23730,10820
4290.924182899995,65535,23731,10812
4290.940110799973,65535,23731,10819
4290.9560737999855,65535,23732,10812
4290.972405199893,65535,23731,10810
4290.988017699914,65535,23730,10822
4291.004386799992,65535,23732,10811
4291.034916399978,65535,23729,10819
4291.050803999999,65535,23732,10812
4291.0668130998965,65535,23731,10822
4291.083805699949,65535,23732,10808
4291.100268099923,65535,23733,10821
4291.116627099924,65535,23732,10808
4291.1323242998915,65535,23734,10822
4291.148869599914,65535,23734,10812
4291.164449599921,65535,23735,10809
4291.1804034999805,65535,23733,10822
4291.1963620999595,65535,23736,10809
4291.212446899968,65535,23730,10822
4291.242824099958,65535,23731,10811
4291.259001999977,65535,23732,10818
4291.275023299968,65535,23731,10811
4291.291825399967,65535,23733,10821
4291.308348499937,65535,23732,10809
4291.324718999909,65535,23734,10821
4291.340740699903,65535,23731,10813
4291.356328299968,65535,23732,10819
4291.372528699925,65535,23734,10810
4291.388269899995,65535,23732,10821
4291.404500399949,65535,23733,10811
4291.4204077998875,65535,23733,10819
4291.45105049992,65535,23733,10810
4291.467293999973,65535,23733,10820
4296.463056699955,65535,23748,10818
4301.474250999978,65535,23740,10820
4306.485855299979,65535,23736,10810
4311.496526999981,65535,23735,10819
4316.506476599956,65535,23733,10821
4321.514419599902,65535,23737,10818
4326.525023699971,65535,23735,10821
4331.521001499961,65535,23734,10811
4336.531294699991,65535,23734,10811
4341.542868999997,65535,23737,10820
4346.552574699977,65535,23728,10818
4351.563338799984,65535,23734,10819
4356.573701699963,65535,23734,10808
4361.587906799978,65535,23731,10812
4366.59485819994,65535,23733,10813
4371.605036899913,65535,23731,10819
4376.618721599923,65535,23731,10821
4381.624935899978,65535,23730,10810
4386.635574699962,65535,23727,10812
4391.6462395999115,65535,23730,10817
4396.643887099926,65535,23727,10812
4401.65441269998,65535,23727,10810
4406.66317449999,65535,23730,10820
4411.676349099958,65535,23730,10808
4416.686051399913,65535,23730,10821
4421.6974135999335,65535,23725,10809
4426.708754199906,65535,23727,10810
4431.716846799944,65535,23727,10821
4436.729249199969,65535,23726,10821
4441.739289499936,65535,23726,10810
4446.746375699993,65535,23726,10811
4451.756535799941,65535,23729,10811
4456.767549899989,65535,23730,10823
4461.766363499919,65535,23723,10822
4466.775514399982,65535,23727,10820
4471.784253399936,65535,23724,10811
4476.798696899903,65535,23722,10811
4481.808127799886,65535,23724,10821
4486.819397499901,65535,23722,10811
4491.827935499954,65535,23724,10820
4496.837349899928,65535,23727,10821
4501.8504828999285,65535,23721,10811
4506.858428699896,65535,23724,10822
4511.866997099947,65535,23724,10819
4516.8775802999735,65535,23718,10811
4521.888864799985,65535,23721,10818
4526.887072699959,65535,23719,10819
4531.897790599964,65535,23717,10811
4536.908700299915,65535,23719,10811
4541.918930699932,65535,23716,10810
4546.93100579991,65535,23721,10818
4551.940458799945,65535,23721,10821
4556.951548599987,65535,23717,10809
4561.961280499934,65535,23722,10812
4566.970311899902,65535,23720,10819
4571.97788209992,65535,23725,10811
4577.0098219999345,65535,23721,10809
4581.999582599965,65535,23723,10819
4586.998496899963,65535,23724,10821
4592.009614799987,65535,23726,10819
4597.019146399922,65535,23722,10811
4602.030666199978,65535,23725,10819
4607.04056559992,65535,23719,10820
4612.048496599891,65535,23722,10812
4617.062552099931,65535,23720,10819
4622.071564099984,65535,23719,10818
4627.083334299969,65535,23718,10821
4632.092563499929,65535,23716,10820
4637.099151099916,65535,23719,10808
4642.110155299888,65535,23721,10811
4647.120238099946,65535,23720,10819
4652.117183199967,65535,23721,10821
4657.129632699885,65535,23720,10819
4662.1384772999445,65535,23722,10819
4667.14968459995,65535,23716,10820
4672.158880399889,65535,23720,10819
4677.1704774999525,65535,23718,10819
4682.181678699912,65535,23715,10820
4687.193681099918,65535,23719,10809
4692.203479099902,65535,23717,10809
4697.2108389999485,65535,23716,10818
4702.221483499976,65535,23717,10819
4707.231011799886,65535,23715,10817
4712.230754799908,65535,23710,10816
4717.241959899897,65535,23704,10818
4717.2638079999015,65535,23707,10805
4717.28438899992,65535,23702,10817
4717.3003773998935,65535,23704,10807
4717.316394399968,65535,23701,10817
4717.3334647999145,65535,23699,10806
4717.349711099989,65535,23701,10817
4717.365920299897,65535,23701,10807
4717.381951399962,65535,23702,10817
4717.39834919991,65535,23701,10806
4717.414171099896,65535,23705,10818
4717.430097899982,65535,23704,10808
4717.446152199991,65535,23702,10816
4717.461884399992,65535,23705,10808
4717.492985499906,65535,23704,10817
4717.5086618999485,65535,23703,10806
4717.525804099976,65535,23702,10818
4717.542645699927,65535,23703,10805
4717.558743099915,65535,23701,10817
4717.604661799967,65535,23700,10807
4717.608048499911,65535,23702,10817
4717.6095951999305,65535,23702,10807
4717.62220689992,65535,23702,10815
4717.638272299897,65535,23699,10807
4717.654522999888,65535,23704,10818
4717.670916899922,65535,23702,10806
4717.700612099958,65535,23700,10818
4717.716576799983,65535,23699,10808
4717.734412599937,65535,23701,10817
4717.75075919996,65535,23702,10807
4717.767224699957,65535,23701,10818
4717.784046099987,65535,23699,10807
4717.80088669993,65535,23701,10817
4717.817417399958,65535,23702,10806
4717.833109599887,65535,23701,10817
4717.848527299939,65535,23702,10806
4717.862429499975,65535,23698,10818
4717.878347599995,65535,23700,10807
4717.909189499915,65535,23702,10815
4717.924745199969,65535,23702,10809
4717.941961999983,65535,23701,10819
4717.959225699888,65535,23701,10806
4717.975644799997,65535,23703,10817
4717.99210979999,65535,23702,10807
4718.007077999995,65535,23701,10817
4718.023440199904,65535,23700,10807
4718.039386399905,65535,23700,10817
4718.0551615,65535,23700,10805
4718.071003599907,65535,23698,10816
4718.086365099996,65535,23701,10804
4718.116865599994,65535,23700,10816
4718.132835599943,65535,23702,10807
4718.149567699991,65535,23700,10816
4718.16634139989,65535,23701,10807
4718.182277599932,65535,23699,10818
4718.198738899897,65535,23702,10807
4718.214839499909,65535,23701,10818
4718.230922799907,65535,23699,10807
4718.24721609999,65535,23699,10817
4718.262772399932,65535,23696,10806
4718.279015399981,65535,23701,10816
4718.295479099965,65535,23700,10807
4718.32547879999,65535,23702,10817
4718.340937099885,65535,23698,10807
4718.357765399967,65535,23700,10816
4718.37459729996,65535,23700,10806
4718.390295099933,65535,23702,10817
4718.40693539998,65535,23700,10806
4718.4225493998965,65535,23696,10817
4718.438578099944,65535,23701,10808
4718.454901499907,65535,23699,10817
4718.471351499902,65535,23699,10807
4718.487487099948,65535,23697,10818
4718.503449199954,65535,23701,10805
4718.533050999977,65535,23701,10816
4718.549011599971,65535,23699,10807
4718.568365399959,65535,23697,10817
4718.593365499983,65535,23698,10808
4718.599727299996,65535,23699,10818
4718.616171999951,65535,23699,10808
4718.630586999934,65535,23699,10818
4718.646764999954,65535,23700,10805
4718.663495099987,65535,23698,10818
4718.68121499999,65535,23699,10807
4718.696973899961,65535,23699,10817
4718.713064199896,65535,23700,10807
4718.741095199948,65535,23697,10817
4718.757569399895,65535,23701,10806
4718.775173099944,65535,23698,10818
4718.790878599975,65535,23699,10806
4718.8080341999885,65535,23698,10817
4718.823846999905,65535,23698,10805
4718.840347099933,65535,23700,10816
4718.85643299995,65535,23696,10807
4718.873127699946,65535,23698,10819
4718.887657399988,65535,23696,10808
4718.9025213998975,65535,23696,10816
4718.918809299939,65535,23697,10807
4718.949121799902,65535,23695,10818
4718.965081299888,65535,23695,10805
4718.982052499894,65535,23696,10818
4718.998948199907,65535,23698,10807
4719.0156205999665,65535,23695,10817
4719.031042699935,65535,23696,10806
4719.04712969996,65535,23696,10817
4719.062897999887,65535,23697,10806
4719.079399799928,65535,23694,10818
4719.094932999928,65535,23696,10808
4719.110769599909,65535,23696,10815
4719.127534599975,65535,23698,10807
4719.157437599963,65535,23697,10817
4719.173370499979,65535,23697,10808
4719.190532199922,65535,23697,10818
4719.206989299972,65535,23699,10806
4719.223207999952,65535,23698,10816
4719.238731199992,65535,23696,10806
4719.2547777999425,65535,23697,10817
4719.270841599908,65535,23697,10808
4719.28770259989,65535,23698,10816
4719.303585799993,65535,23697,10808
4719.319370399928,65535,23697,10816
4719.335114999907,65535,23696,10806
4719.365385499899,65535,23695,10816
4719.381341099972,65535,23697,10808
4719.398116799886,65535,23696,10817
4719.414981699898,65535,23695,10808
4719.431151399971,65535,23697,10818
4719.447366999928,65535,23694,10807
4719.4629532999825,65535,23698,10816
4719.479127299972,65535,23695,10806
4719.495472899987,65535,23694,10817
4719.511366799939,65535,23696,10807
4719.527544399956,65535,23696,10818
4719.54288939992,65535,23694,10808
4719.5734095999505,65535,23695,10817
4719.589572799974,65535,23693,10807
4719.606384299928,65535,23697,10818
4719.622542399913,65535,23694,10808
4719.639089199947,65535,23697,10817
4719.654881299939,65535,23697,10806
4719.67090519995,65535,23696,10817
4719.686998699908,65535,23698,10807
4719.703244599979,65535,23697,10817
4719.7191823999165,65535,23695,10808
4719.735431399895,65535,23693,10816
4719.752077199984,65535,23696,10806
4719.7815642999485,65535,23697,10817
4719.797659099917,65535,23697,10806
4719.814461199916,65535,23697,10817
4719.831170199905,65535,23694,10808
4719.847535799956,65535,23694,10818
4719.863663499942,65535,23695,10808
4719.879193799919,65535,23697,10817
4719.895326599944,65535,23693,10805
4719.911502999952,65535,23696,10816
4719.927785499953,65535,23692,10807
4719.943426999962,65535,23694,10816
4719.959313599975,65535,23697,10806
4719.989667299902,65535,23696,10818
4720.005676199915,65535,23697,10807
4720.022405899945,65535,23695,10817
4720.038920199964,65535,23697,10807
4720.055110499961,65535,23695,10817
4720.071354499902,65535,23696,10806
4720.08715659997,65535,23693,10817
4720.103858899907,65535,23696,10806
4720.119523099973,65535,23697,10816
4720.13584969996,65535,23696,10807
4720.151243299944,65535,23697,10819
4720.181845099898,65535,23697,10806
4720.197846399969,65535,23693,10817
4720.213708599913,65535,23693,10806
4720.230787099921,65535,23696,10816
4720.264471399947,65535,23695,10806
4720.275983899948,65535,23695,10819
4720.285065199947,65535,23693,10808
4720.295539799961,65535,23695,10817
4720.311848199926,65535,23694,10807
4720.327352299937,65535,23692,10816
4720.343305699993,65535,23694,10806
4720.359328599996,65535,23694,10817
4720.389879399911,65535,23694,10808
4720.405749899917,65535,23692,10816
4720.422276899917,65535,23695,10807
4720.439081099932,65535,23694,10816
4720.45510469994,65535,23694,10807
4720.47186359996,65535,23693,10816
4720.487400299986,65535,23694,10808
4720.503598799929,65535,23694,10818
4720.520058499998,65535,23692,10807
4720.535947299912,65535,23693,10817
4720.55236839992,65535,23692,10806
4720.568107999978,65535,23694,10817
4720.597914699931,65535,23693,10808
4720.614060599939,65535,23692,10819
4720.629903299967,65535,23694,10805
4720.6474561999785,65535,23693,10817
4720.663526399992,65535,23694,10807
4720.679343799944,65535,23692,10817
4720.696229499998,65535,23693,10806
4720.7116595999105,65535,23691,10816
4720.727996599977,65535,23694,10807
4720.744039799902,65535,23692,10816
4720.759970799903,65535,23695,10806
4720.776258899947,65535,23694,10816
4720.806220099912,65535,23693,10807
4720.822143599973,65535,23692,10817
4720.8381564999,65535,23692,10807
4720.855258799973,65535,23692,10817
4720.871634999989,65535,23693,10808
4720.887392099947,65535,23693,10818
4720.90359589993,65535,23695,10807
4720.919948499999,65535,23690,10816
4720.9366371999495,65535,23695,10808
4720.952062699944,65535,23691,10816
4720.968202299904,65535,23693,10808
4725.978557299939,65535,23712,10808
4730.987369299983,65535,23695,10816
4735.99853839993,65535,23687,10816
4741.0086839,65535,23686,10806
4746.008122499916,65535,23681,10817
4751.018026899896,65535,23675,10808
4756.0292900999775,65535,23670,10810
4761.039684299962,65535,23667,10810
4766.050204699975,65535,23666,10809
4771.061138799996,65535,23667,10809
4776.071575399954,65535,23666,10811
4781.081380599993,65535,23662,10810
4786.089221199974,65535,23667,10809
4791.098949499894,65535,23664,10810
4796.108863499947,65535,23664,10811
4801.108681099955,65535,23666,10809
4806.119270299911,65535,23663,10806
4811.129456799943,65535,23666,10807
4816.140444599907,65535,23672,10810
4821.150665999972,65535,23672,10812
4826.161240499932,65535,23668,10808
4831.171562999953,65535,23666,10811
4836.181888499996,65535,23665,10809
4841.191781499889,65535,23669,10805
4846.202997699962,65535,23669,10808
4851.209157299949,65535,23671,10808
4856.219763299916,65535,23673,10811
4861.230785799911,65535,23668,10810
4866.230055399938,65535,23673,10810
4871.240635099937,65535,23677,10808
4876.250970499939,65535,23678,10810
4881.261041599908,65535,23676,10810
4886.271937299985,65535,23676,10810
4891.27930179995,65535,23680,10810
4896.29216349998,65535,23685,10811
4901.304039299954,65535,23679,10809
4906.31370389997,65535,23680,10809
4911.3408110999735,65535,23677,10810
4916.330234399997,65535,23681,10811
4921.341500199982,65535,23686,10808
4926.339963899925,65535,23680,10809
4931.3499592999,65535,23682,10809
4936.361036699964,65535,23681,10813
4941.371060999925,65535,23685,10806
4946.3822336999,65535,23683,10808
4951.392966099898,65535,23686,10808
4956.404238199932,65535,23688,10810
4961.414308899897,65535,23682,10808
4966.424559499952,65535,23686,10810
4971.434769799933,65535,23686,10810
4976.4408237999305,65535,23686,10811
4981.4514646999305,65535,23686,10808
4986.462375099887,65535,23689,10810
4991.461791299982,65535,23688,10810
4996.471785999951,65535,23685,10809
5001.480458099977,65535,23688,10806
5006.492550299969,65535,23684,10809
5011.510790999979,65535,23686,10808
5016.512514099944,65535,23689,10808
5021.524006499909,65535,23691,10808
5026.534990099957,65535,23688,10809
5031.544817999937,65535,23690,10810
5036.554611599888,65535,23691,10806
5041.562726599979,65535,23691,10808
5046.572773199994,65535,23693,10809
5051.57185139996,65535,23690,10810
5056.579790599993,65535,23691,10806
5061.593428599997,65535,23693,10808
5066.603283899953,65535,23687,10810
5071.614963899949,65535,23690,10808
5076.624793099938,65535,23686,10806
5081.635780299897,65535,23693,10809
5086.6467120999005,65535,23692,10810
5091.656524099992,65535,23694,10810
5096.664393299958,65535,23695,10808
5101.673629999976,65535,23695,10809
5106.683611699962,65535,23701,10810
5111.6941748999525,65535,23696,10807
5116.693869299954,65535,23697,10808
5121.704571299953,65535,23695,10810
5126.714875699952,65535,23699,10810
5131.724223199999,65535,23697,10811
5136.736277499935,65535,23698,10809
5141.74307029997,65535,23699,10809
5146.756852099905,65535,23700,10819
5146.7726853999775,65535,23698,10807
5146.785471299896,65535,23696,10819
5146.802287300001,65535,23698,10810
5146.8176359999925,65535,23698,10817
5146.833547899965,65535,23701,10809
5146.878619899973,65535,23701,10818
5146.881352599943,65535,23703,10809
5146.897977899993,65535,23698,10819
5146.912237499957,65535,23698,10810
5146.929470399977,65535,23700,10817
5146.946635199944,65535,23697,10809
5146.963795999996,65535,23698,10820
5146.980299999937,65535,23695,10807
5146.996125199948,65535,23696,10819
5147.012318799971,65535,23697,10808
5147.028409699909,65535,23695,10819
5147.043565999949,65535,23698,10808
5147.059452999965,65535,23699,10819
5147.088383099996,65535,23697,10807
5147.104267499992,65535,23695,10819
5147.120363299968,65535,23698,10807
5147.138719099923,65535,23697,10820
5147.15642289992,65535,23695,10808
5147.171304899966,65535,23695,10817
5147.188467299915,65535,23696,10808
5147.203717499971,65535,23693,10820
5147.220350299962,65535,23695,10809
5147.236679999973,65535,23696,10817
5147.253534799907,65535,23696,10808
5147.268764399923,65535,23697,10819
5147.2962848999305,65535,23695,10809
5147.312355199945,65535,23695,10818
5147.328398999991,65535,23698,10807
5147.347558599897,65535,23697,10817
5147.363700499991,65535,23696,10809
5147.37774669996,65535,23694,10819
5147.39380369999,65535,23697,10808
5147.410019899951,65535,23698,10820
5147.425914399908,65535,23696,10805
5147.442062499933,65535,23700,10819
5147.458134499961,65535,23696,10809
5147.474554199958,65535,23696,10819
5147.504591099918,65535,23694,10811
5147.520646699937,65535,23694,10816
5147.540957099991,65535,23696,10809
5147.559807399986,65535,23697,10816
5147.5707664999645,65535,23695,10809
5147.585920199985,65535,23696,10820
5147.602082599886,65535,23697,10811
5147.618572499952,65535,23697,10817
5147.636792499921,65535,23697,10809
5147.652675099904,65535,23698,10817
5147.6686106999405,65535,23697,10810
5147.68504199991,65535,23698,10819
5147.712822299916,65535,23693,10810
5147.7285979999,65535,23697,10818
5147.745263199904,65535,23694,10809
5147.763970799977,65535,23695,10819
5147.780560599989,65535,23696,10808
5147.795997799956,65535,23694,10817
5147.811643099994,65535,23696,10809
5147.828217199887,65535,23697,10818
5147.844760899898,65535,23697,10807
5147.859836999909,65535,23694,10819
5147.875046299887,65535,23693,10807
5147.890309899929,65535,23696,10819
5147.920695699984,65535,23696,10808
5147.936722299899,65535,23696,10821
5147.9536348999245,65535,23698,10807
5147.9712302999105,65535,23695,10819
5147.987274199957,65535,23697,10810
5148.003028699895,65535,23694,10817
5148.018738899962,65535,23696,10808
5148.035618699971,65535,23694,10815
5148.051148999948,65535,23694,10810
5148.068008799921,65535,23694,10821
5148.084717299906,65535,23694,10808
5148.1003502999665,65535,23696,10819
5148.128937099944,65535,23696,10806
5148.14549019991,65535,23696,10821
5148.162479599938,65535,23692,10807
5148.179541599937,65535,23696,10819
5148.195985300001,65535,23694,10808
5148.212712999899,65535,23692,10821
5148.228930099984,65535,23692,10811
5148.2445721999975,65535,23692,10820
5148.261158199981,65535,23691,10807
5148.2751328999875,65535,23695,10818
5148.290479899966,65535,23696,10806
5148.307281199959,65535,23696,10819
5148.337051299983,65535,23692,10807
5148.352949699969,65535,23693,10819
5148.370814999915,65535,23693,10810
5148.387310999911,65535,23694,10817
5148.402326499927,65535,23696,10808
5148.418308699969,65535,23692,10820
5148.434515299974,65535,23693,10810
5148.450509699993,65535,23695,10820
5148.466600699932,65535,23695,10806
5148.48351359996,65535,23693,10819
5148.501992699923,65535,23692,10807
5148.517591199954,65535,23694,10819
5148.545680299983,65535,23693,10810
5148.561105599976,65535,23692,10818
5148.578327599913,65535,23693,10811
5148.596233199933,65535,23692,10819
5148.612868799944,65535,23694,10808
5148.628770099953,65535,23693,10820
5148.644922599895,65535,23691,10808
5148.660907099955,65535,23693,10817
5148.676374899922,65535,23693,10811
5148.691186399898,65535,23689,10818
5148.707362299901,65535,23695,10808
5148.723815999925,65535,23694,10819
5148.753227899899,65535,23690,10806
5148.769198499969,65535,23694,10818
5148.78640579991,65535,23692,10806
5148.827962399926,65535,23691,10819
5148.845280199894,65535,23690,10806
5148.847176399897,65535,23691,10819
5148.856174599961,65535,23692,10809
5148.872138599982,65535,23695,10819
5148.889645299991,65535,23694,10809
5148.905644399929,65535,23696,10819
5148.921849699924,65535,23692,10810
5148.937685699901,65535,23693,10818
5148.953871899983,65535,23692,10809
5148.970308899996,65535,23692,10816
5148.986923399963,65535,23695,10809
5149.003028599895,65535,23693,10818
5149.017674799892,65535,23690,10809
5149.048382299952,65535,23693,10815
5149.064314199961,65535,23691,10808
5149.080340399989,65535,23692,10818
5149.099475699943,65535,23692,10809
5149.116826099926,65535,23692,10817
5149.132562499959,65535,23692,10810
5149.14722579997,65535,23689,10818
5149.162569199922,65535,23693,10808
5149.179297199938,65535,23694,10819
5149.1964597998885,65535,23692,10808
5149.212392599904,65535,23693,10819
5149.227570999996,65535,23693,10808
5149.25697639992,65535,23694,10818
5149.272564099985,65535,23692,10809
5149.2884557999205,65535,23694,10816
5149.30621499999,65535,23694,10808
5149.322187599959,65535,23695,10817
5149.339274199912,65535,23694,10807
5149.3551068999805,65535,23693,10815
5149.370068399934,65535,23694,10810
5149.385694599943,65535,23695,10820
5149.402014499996,65535,23695,10809
5149.41798909998,65535,23694,10819
5149.434040899971,65535,23694,10809
5149.464424299891,65535,23695,10817
5149.480492299888,65535,23694,10809
5149.497258399962,65535,23692,10819
5149.514149799943,65535,23692,10806
5149.5304894999135,65535,23692,10819
5149.54584929999,65535,23691,10806
5149.561912199948,65535,23693,10819
5149.579140499933,65535,23689,10810
5149.594418499968,65535,23692,10817
5149.611406999989,65535,23692,10811
5149.626275999937,65535,23693,10817
5149.642272599973,65535,23692,10809
5149.67248259997,65535,23693,10817
5149.68856759998,65535,23691,10809
5149.705437999917,65535,23691,10818
5149.722294099978,65535,23691,10810
5149.7378483999055,65535,23692,10818
5149.754195699934,65535,23693,10809
5149.770269099972,65535,23691,10820
5149.786725699902,65535,23692,10810
5149.802570999949,65535,23691,10816
5149.818698399933,65535,23691,10808
5149.8345292999875,65535,23691,10817
5149.850266199908,65535,23691,10809
5149.880758199957,65535,23692,10816
5149.915648899972,65535,23692,10810
5149.929752399912,65535,23692,10818
5149.935998199973,65535,23690,10810
5149.946574399946,65535,23693,10816
5149.962498099892,65535,23693,10810
5149.978572499938,65535,23691,10819
5149.994084299891,65535,23690,10807
5150.010325699928,65535,23690,10820
5150.027470799978,65535,23690,10810
5150.044769699918,65535,23690,10817
5150.061739199911,65535,23691,10810
5150.089133299887,65535,23691,10818
5150.105473499978,65535,23692,10808
5150.1229003999615,65535,23692,10820
5150.140480499947,65535,23692,10807
5150.157858099905,65535,23694,10819
5150.173141699983,65535,23691,10805
5150.18906949996,65535,23692,10819
5150.205352899968,65535,23691,10810
5150.221218999941,65535,23692,10817
5150.237699199934,65535,23691,10810
5150.251957899891,65535,23689,10818
5150.26913479995,65535,23692,10808
5150.2968907998875,65535,23688,10818
5150.313119699946,65535,23689,10808
5150.329941299977,65535,23691,10817
5150.348686399986,65535,23689,10809
5150.36564679991,65535,23688,10821
5150.381334599922,65535,23691,10806
5150.397416399908,65535,23692,10819
5150.410684199887,65535,23691,10807
5150.42642309994,65535,23688,10820
5150.442875399953,65535,23692,10808
5150.458436599933,65535,23690,10820
5150.474621199886,65535,23690,10810
5155.4883880999405,65535,23710,10809
5160.494768899982,65535,23701,10807
5165.493475599913,65535,23699,10806
5170.509604899911,65535,23694,10807
5175.513313599979,65535,23698,10808
5180.524613099988,65535,23699,10810
5185.535964399925,65535,23696,10810
5190.546344399918,65535,23702,10809
5195.556210999959,65535,23699,10811
5200.567357199965,65535,23701,10810
5205.57703559997,65535,23702,10807
5210.585357799893,65535,23702,10810
5215.594110999955,65535,23698,10808
5220.604890999966,65535,23697,10807
5225.604218499968,65535,23698,10809
5230.613657399896,65535,23696,10806
5235.624752399977,65535,23699,10810
5240.634949699976,65535,23702,10809
5245.645340799936,65535,23700,10808
5250.656376699917,65535,23697,10808
5255.66400739993,65535,23696,10807
5260.677201099927,65535,23702,10807
5265.687823899905,65535,23696,10809
5270.697088699904,65535,23701,10809
5275.704192899982,65535,23704,10807
5280.714748899918,65535,23698,10808
5285.725770799909,65535,23700,10807
5290.725543299923,65535,23690,10817
5295.735556499916,65535,23675,10809
5300.746262699948,65535,23664,10806
5305.756762499921,65535,23652,10818
5310.766304099932,65535,23646,10817
5315.7774604998995,65535,23637,10817
5320.788150799926,65535,23632,10817
5325.795558599988,65535,23625,10808
5330.805451699998,65535,23619,10817
5335.815004299977,65535,23611,10809
5340.82562109991,65535,23605,10816
5345.823960599955,65535,23600,10808
5350.835556799895,65535,23598,10817
5355.843368499889,65535,23592,10807
5360.855880999938,65535,23584,10819
5365.865636899951,65535,23579,10819
5370.874260499957,65535,23573,10808
5375.887858099886,65535,23566,10807
5380.896163499914,65535,23559,10807
5385.906790299923,65535,23560,10808
5390.927302099997,65535,23554,10817
5395.925304299919,65535,23552,10809
5400.935739099979,65535,23547,10807
5405.932923299959,65535,23557,10808
5410.942053799983,65535,23559,10809
5415.954606999992,65535,23561,10809
5420.964294099947,65535,23559,10808
5425.973878799938,65535,23560,10809
5430.985808999976,65535,23561,10809
5435.996522099944,65535,23558,10809
5441.005651199957,65535,23567,10808
5446.01610509993,65535,23562,10809
5451.02529479994,65535,23563,10808
5456.035843299935,65535,23561,10808
5461.033403899986,65535,23561,10808
5466.042493499932,65535,23561,10808
5471.052989599993,65535,23560,10809
5476.066631799913,65535,23566,10809
5481.077328399988,65535,23564,10809
5486.084625899908,65535,23564,10808
5491.097631799988,65535,23561,10810
5496.109043799923,65535,23562,10807
5501.117874399992,65535,23563,10808
5506.126211199909,65535,23558,10808
5511.136111199972,65535,23561,10809
5516.136161399889,65535,23558,10818
5521.146570799989,65535,23550,10819
5526.156587899895,65535,23542,10818
5531.167569999932,65535,23540,10808
5536.177174799959,65535,23532,10807
5541.18811629992,65535,23537,10818
5546.198304199963,65535,23531,10808
5551.209252799978,65535,23526,10818
5556.219062999939,65535,23522,10808
5561.22838049999,65535,23515,10808
5566.235568999895,65535,23513,10808
5571.246402399964,65535,23512,10809
5576.245489199995,65535,23504,10818
5576.272610999993,65535,23504,10808
5576.288551499951,65535,23502,10817
5576.305336799938,65535,23504,10808
5576.322456799913,65535,23503,10818
5576.338277199888,65535,23500,10808
5576.354191399994,65535,23503,10818
5576.37037359993,65535,23503,10818
5576.402462499915,65535,23504,10809
5576.40965409996,65535,23504,10820
5576.418459899956,65535,23504,10807
5576.434234599932,65535,23503,10820
5576.450619899901,65535,23503,10808
5576.48071449995,65535,23503,10818
5576.496721299947,65535,23504,10808
5576.514289099956,65535,23499,10818
5576.532419799943,65535,23503,10809
5576.548600499984,65535,23502,10819
5576.565125599969,65535,23503,10808
5576.581079499912,65535,23501,10818
5576.596689999918,65535,23502,10808
5576.612964299973,65535,23501,10819
5576.628418799955,65535,23504,10807
5576.64467259997,65535,23502,10819
5576.660779199912,65535,23500,10809
5576.688622899936,65535,23501,10817
5576.704822499887,65535,23501,10808
5576.722585299984,65535,23501,10817
5576.738893799949,65535,23502,10809
5576.754468799918,65535,23503,10819
5576.7711956999265,65535,23500,10808
5576.787694899947,65535,23500,10818
5576.803678599885,65535,23497,10808
5576.819909999962,65535,23500,10819
5576.835477299988,65535,23500,10819
5576.850545099936,65535,23501,10809
5576.866412999923,65535,23501,10819
5576.897142499918,65535,23501,10808
5576.912944799988,65535,23499,10819
5576.929568099906,65535,23500,10809
5576.9466612999095,65535,23500,10819
5576.963157199905,65535,23502,10809
5576.979653899907,65535,23502,10819
5576.996244599926,65535,23501,10807
5577.011600299971,65535,23500,10819
5577.027373099932,65535,23500,10807
5577.0436608999735,65535,23501,10817
5577.059960599989,65535,23501,10809
5577.075163399917,65535,23501,10819
5577.1048215999035,65535,23503,10809
5577.120985499932,65535,23501,10818
5577.137833099929,65535,23500,10809
5577.154478799901,65535,23501,10818
5577.170638899901,65535,23498,10819
5577.186581099988,65535,23497,10809
5577.20245099999,65535,23499,10818
5577.21843639994,65535,23499,10808
5577.23455059994,65535,23497,10818
5577.250794499996,65535,23497,10810
5577.266434899997,65535,23498,10817
5577.283240499906,65535,23498,10808
5577.31321939989,65535,23497,10818
5577.329074699897,65535,23496,10809
5577.346020499943,65535,23497,10818
5577.362370499992,65535,23497,10808
5577.378345799982,65535,23497,10817
5577.394585099886,65535,23498,10808
5577.410662899958,65535,23497,10819
5577.426472199964,65535,23499,10807
5577.442718499922,65535,23498,10818
5577.458276899997,65535,23495,10817
5577.475418899907,65535,23495,10808
5577.4907775999745,65535,23497,10817
5577.521189399995,65535,23495,10818
5577.537199799903,65535,23495,10808
5577.554031899897,65535,23496,10817
5577.570969199995,65535,23499,10810
5577.586904599913,65535,23497,10819
5577.602869299939,65535,23496,10809
5577.626021499978,65535,23498,10817
5577.646224999917,65535,23494,10809
5577.652380799991,65535,23495,10816
5577.667155899922,65535,23497,10807
5577.682619199972,65535,23498,10819
5577.70020219998,65535,23493,10808
5577.7292156999465,65535,23494,10817
5577.745237199939,65535,23495,10809
5577.762594999978,65535,23495,10817
5577.780620899983,65535,23494,10808
5577.7968373999465,65535,23493,10819
5577.813524999889,65535,23495,10808
5577.828916899976,65535,23496,10819
5577.845109199989,65535,23495,10808
5577.861350799911,65535,23495,10816
5577.87573729991,65535,23498,10809
5577.891089899931,65535,23498,10818
5577.906604199903,65535,23496,10807
5577.937219299958,65535,23496,10818
5577.953396899975,65535,23494,10807
5577.970458099968,65535,23493,10819
5577.987906499999,65535,23498,10810
5578.005405799951,65535,23498,10819
5578.020664499956,65535,23496,10808
5578.036610399955,65535,23497,10816
5578.05355959991,65535,23497,10807
5578.069480899954,65535,23500,10818
5578.0857996999985,65535,23497,10807
5578.100914499955,65535,23497,10818
5578.115753499907,65535,23498,10808
5578.145534099895,65535,23496,10819
5578.162030999898,65535,23495,10808
5578.180151599925,65535,23498,10819
5578.19701829995,65535,23495,10808
5578.213357799919,65535,23497,10819
5578.229573199991,65535,23494,10819
5578.245157199912,65535,23494,10808
5578.261334499926,65535,23496,10818
5578.277941999957,65535,23495,10809
5578.29198999994,65535,23495,10819
5578.3080738999415,65535,23494,10810
5578.325382699957,65535,23494,10818
5578.35345169995,65535,23495,10808
5578.369452099898,65535,23496,10819
5578.386109099956,65535,23496,10808
5578.403377799899,65535,23495,10816
5578.41907459998,65535,23494,10818
5578.434709499939,65535,23493,10808
5578.452075999929,65535,23494,10818
5578.467787899892,65535,23495,10808
5578.485390299931,65535,23494,10819
5578.501787799993,65535,23496,10809
5578.51786979998,65535,23495,10817
5578.546072999947,65535,23495,10807
5578.562295499956,65535,23493,10819
5578.577943299897,65535,23498,10807
5578.596020299941,65535,23496,10819
5578.613520799903,65535,23494,10820
5578.629704299965,65535,23494,10808
5578.645498699974,65535,23495,10818
5578.6614328,65535,23496,10819
5578.677885199897,65535,23496,10808
5578.693227499956,65535,23495,10817
5578.734572699992,65535,23496,10808
5578.736325099948,65535,23494,10819
5578.753732799902,65535,23497,10806
5578.769854199956,65535,23495,10819
5578.785770999966,65535,23494,10808
5578.803423799924,65535,23495,10820
5578.820318899932,65535,23494,10808
5578.837646499975,65535,23497,10819
5578.853416899918,65535,23497,10818
5578.869343599887,65535,23498,10808
5578.886562599917,65535,23495,10820
5578.901268799906,65535,23498,10808
5578.915632199962,65535,23496,10819
5578.931081899907,65535,23497,10809
5578.96177049994,65535,23494,10818
5578.978400499909,65535,23492,10807
5578.993907799944,65535,23493,10817
5579.012649499928,65535,23494,10817
5579.0294459,65535,23494,10807
5579.0461182999425,65535,23495,10818
5579.061726599932,65535,23492,10806
5579.076346799964,65535,23492,10818
5579.092951799976,65535,23494,10807
5579.1087919999845,65535,23493,10817
5579.124992799945,65535,23491,10808
5579.141025899909,65535,23493,10819
5579.169978899998,65535,23493,10808
5579.185970799997,65535,23492,10819
5579.201986399945,65535,23492,10810
5579.219943099888,65535,23493,10819
5579.236183399917,65535,23494,10808
5579.252398699988,65535,23495,10819
5579.268108299933,65535,23493,10818
5579.284169199993,65535,23494,10807
5579.30054779991,65535,23495,10819
5579.31547339994,65535,23495,10808
5579.331598499906,65535,23493,10819
5579.348022699938,65535,23492,10818
5579.378374699969,65535,23495,10807
5579.394576999941,65535,23493,10819
5579.41008829989,65535,23497,10809
5579.42721809994,65535,23496,10819
5579.4435290999245,65535,23494,10808
5579.459725099965,65535,23493,10817
5579.475994999986,65535,23494,10809
5579.49353639991,65535,23493,10816
5579.507889599889,65535,23494,10808
5579.524192299927,65535,23493,10818
5579.539729699958,65535,23493,10818
5579.555892399978,65535,23492,10809
5579.586178499972,65535,23495,10818
5579.602216799976,65535,23491,10807
5579.618081899942,65535,23492,10816
5579.635604499956,65535,23494,10808
5579.651964099961,65535,23493,10819
5579.667806999991,65535,23497,10808
5579.683575899922,65535,23494,10819
5579.6999310998945,65535,23492,10808
5579.716284699971,65535,23495,10818
5579.732372399885,65535,23497,10817
5579.748290199903,65535,23494,10808
5579.764183099964,65535,23494,10818
5579.794162099948,65535,23495,10809
5579.81029319996,65535,23497,10820
5579.826230999897,65535,23496,10818
5579.843286899966,65535,23493,10809
5579.859919299954,65535,23494,10820
5579.8767035999335,65535,23494,10807
5579.892762299976,65535,23495,10818
5579.908754799981,65535,23493,10809
5579.923426999943,65535,23494,10818
5579.939582799911,65535,23496,10809
5579.955866799923,65535,23495,10818
5579.971932999906,65535,23493,10808
5580.002402699902,65535,23494,10820
5584.998772199964,65535,23509,10808
5590.009075899958,65535,23497,10809
5595.020563999889,65535,23494,10807
5600.029032399994,65535,23491,10809
5605.0393746999325,65535,23482,10819
5610.04968889989,65535,23484,10819
5615.047669299995,65535,23481,10818
5620.059592799982,65535,23475,10818
5625.070320899948,65535,23471,10807
5630.077271299902,65535,23468,10819
5635.091305599897,65535,23468,10808
5640.100101899938,65535,23461,10818
5645.112879099906,65535,23454,10808
5650.122992099961,65535,23457,10818
5655.132865299936,65535,23455,10807
5660.143749699928,65535,23452,10819
5665.154847299913,65535,23445,10819
5670.165659699938,65535,23439,10818
5675.175945899915,65535,23439,10819
5680.185163699905,65535,23436,10807
5685.196242199978,65535,23431,10818
5690.207997799967,65535,23428,10807
5695.229807899916,65535,23429,10819
5700.239486999926,65535,23423,10818
5705.254858299973,65535,23417,10817
5710.249591199914,65535,23417,10808
5715.260469999979,65535,23418,10809
5720.270613499917,65535,23409,10818
5725.280949699925,65535,23408,10809
5730.276002599974,65535,23406,10817
5735.285990499891,65535,23401,10816
5740.295895499992,65535,23399,10819
5745.290465399972,65535,23398,10817
5750.30103829992,65535,23396,10819
5755.296377799939,65535,23392,10818
5760.306375599932,65535,23383,10820
5765.301882599946,65535,23384,10807
5770.311672799988,65535,23384,10816
5775.306681299931,65535,23377,10818
5780.315136399935,65535,23372,10819
5785.310661599971,65535,23374,10808
5790.319897299982,65535,23369,10820
5795.317139199935,65535,23368,10818
5800.328020799905,65535,23365,10819
5805.333595999982,65535,23361,10819
5810.332770999987,65535,23356,10818
5815.343149899971,65535,23356,10807
5820.337687399937,65535,23355,10819
5825.3471132999985,65535,23350,10819
5830.358894099947,65535,23346,10819
5835.364609499928,65535,23342,10810
5840.364010299905,65535,23343,10809
5845.374149699928,65535,23336,10818
5850.3847009999445,65535,23335,10817
5855.376552499947,65535,23330,10819
5860.3903747999575,65535,23327,10807
5865.39755819994,65535,23326,10819
5870.410446199938,65535,23323,10819
5875.421970099909,65535,23317,10820
5880.427446899936,65535,23318,10820
5885.438501999946,65535,23318,10817
5890.437800799962,65535,23313,10819
5895.447711799992,65535,23313,10818
5900.458505799994,65535,23309,10818
5905.468242699979,65535,23309,10818
5910.479728699895,65535,23303,10819
5915.51628979994,65535,23308,10817
5920.512356799911,65535,23300,10809
5925.508606399992,65535,23296,10820
5930.532946099993,65535,23294,10820
5935.5293728999095,65535,23292,10818
5940.5414843999315,65535,23289,10808
5945.564683999983,65535,23285,10809
5950.57499689993,65535,23282,10819
5955.588376599946,65535,23282,10820
5960.582347699907,65535,23279,10819
5965.606657299912,65535,23279,10809
5970.617230999982,65535,23276,10810
5975.628720899927,65535,23275,10818
5980.6246478999965,65535,23271,10818
5985.635466399952,65535,23269,10819
5990.629546599928,65535,23266,10819
5995.639903499978,65535,23262,10808
6000.634537899983,65535,23259,10819
6005.6457376999315,65535,23258,10808
6005.692167399917,65535,23256,10818
6005.69651639997,65535,23259,10820
6005.6991419999395,65535,23257,10810
6005.712012899923,65535,23257,10819
6005.724830699968,65535,23258,10819
6005.740839599981,65535,23253,10811
6005.77121539996,65535,23254,10820
6005.787336299894,65535,23254,10818
6005.80405669997,65535,23254,10818
6005.820977199939,65535,23254,10820
6005.837445899961,65535,23254,10808
6005.853561499971,65535,23253,10818
6005.86938509997,65535,23255,10819
6005.885165499989,65535,23254,10820
6005.901047599968,65535,23254,10820
6005.91757969989,65535,23251,10819
6005.933577399934,65535,23252,10819
6005.963331599953,65535,23253,10818
6005.979322299943,65535,23254,10809
6005.995295499917,65535,23253,10820
6006.012842099997,65535,23253,10809
6006.029302199953,65535,23253,10819
6006.044989899965,65535,23256,10819
6006.061144499923,65535,23252,10819
6006.077156799962,65535,23253,10819
6006.092751199962,65535,23253,10820
6006.108834099956,65535,23251,10819
6006.124573499896,65535,23252,10819
6006.155284899985,65535,23252,10820
6006.171394399949,65535,23251,10819
6006.187925699982,65535,23246,10809
6006.205439799931,65535,23250,10820
6006.221361299977,65535,23249,10819
6006.282279699924,65535,23250,10818
6006.297035599942,65535,23252,10819
6006.298815899994,65535,23251,10809
6006.300903899944,65535,23250,10820
6006.311246499885,65535,23251,10818
6006.327390599996,65535,23248,10819
6006.34447729995,65535,23250,10810
6006.362312699901,65535,23249,10819
6006.37941319996,65535,23252,10819
6006.3955109999515,65535,23250,10819
6006.411840299959,65535,23251,10820
6006.427637199988,65535,23249,10819
6006.443603799911,65535,23251,10819
6006.459789299988,65535,23254,10820
6006.475955899921,65535,23254,10818
6006.504162499914,65535,23252,10818
6006.519682499929,65535,23253,10808
6006.536175499903,65535,23253,10819
6006.55566949991,65535,23255,10818
6006.573604899924,65535,23254,10819
6006.58863969997,65535,23255,10808
6006.603658799897,65535,23254,10819
6006.620593699976,65535,23249,10818
6006.636199699948,65535,23253,10811
6006.651820599916,65535,23255,10819
6006.667126399931,65535,23254,10820
6006.683999499888,65535,23254,10818
6006.711846699938,65535,23252,10819
6006.727801999892,65535,23255,10810
6006.743688299903,65535,23252,10818
6006.763165199896,65535,23253,10809
6006.777672599885,65535,23254,10819
6006.793066899991,65535,23250,10809
6006.809310599929,65535,23254,10818
6006.825245799962,65535,23251,10820
6006.842257599928,65535,23254,10819
6006.859779099934,65535,23253,10819
6006.876233699964,65535,23253,10819
6006.904294299893,65535,23252,10819
6006.9198001999175,65535,23252,10818
6006.936012399965,65535,23253,10817
6006.955699499929,65535,23251,10810
6006.972485099919,65535,23253,10819
6006.988034299924,65535,23254,10818
6007.003313999972,65535,23252,10817
6007.018581899931,65535,23253,10819
6007.035650399979,65535,23252,10819
6007.051687799976,65535,23254,10819
6007.068017599988,65535,23253,10819
6007.08440339996,65535,23251,10810
6007.1120783999795,65535,23251,10818
6007.127868699958,65535,23249,10820
6007.144008999923,65535,23251,10820
6007.163303399924,65535,23247,10808
6007.179783899919,65535,23248,10817
6007.195188799989,65535,23248,10818
6007.211531399982,65535,23250,10820
6007.228244599886,65535,23251,10819
6007.244536399958,65535,23248,10809
6007.260583399911,65535,23249,10818
6007.273768899962,65535,23250,10818
6007.303800099995,65535,23250,10819
6007.320090199937,65535,23253,10818
6007.3360034999205,65535,23252,10808
6007.355422399938,65535,23254,10819
6007.372640699963,65535,23249,10809
6007.387617799919,65535,23249,10819
6007.403382799937,65535,23250,10820
6007.419576599961,65535,23250,10818
6007.435892399983,65535,23252,10820
6007.4518890999025,65535,23250,10818
6007.468209199957,65535,23250,10818
6007.483960499987,65535,23247,10808
6007.522158399923,65535,23252,10818
6007.539108799887,65535,23250,10817
6007.551159399911,65535,23249,10810
6007.56629239989,65535,23249,10818
6007.577668699902,65535,23249,10820
6007.593773099943,65535,23251,10818
6007.61090869992,65535,23247,10820
6007.627154099988,65535,23250,10809
6007.644187599886,65535,23248,10819
6007.660339199938,65535,23247,10809
6007.67604619998,65535,23247,10819
6007.704102299991,65535,23250,10818
6007.72016789997,65535,23249,10817
6007.737928999937,65535,23249,10808
6007.755779200001,65535,23248,10818
6007.771778199938,65535,23248,10819
6007.785867399885,65535,23249,10820
6007.801956299925,65535,23248,10819
6007.817643399932,65535,23249,10819
6007.834270599997,65535,23248,10818
6007.850450399914,65535,23249,10819
6007.866892299964,65535,23248,10810
6007.8965893998975,65535,23248,10818
6007.912815399934,65535,23247,10818
6007.928375799907,65535,23248,10818
6007.947958099889,65535,23251,10808
6007.964647999965,65535,23250,10820
6007.9807230998995,65535,23250,10820
6007.996063499944,65535,23249,10818
6008.011598299956,65535,23248,10809
6008.027314899955,65535,23249,10819
6008.043104399927,65535,23249,10819
6008.06040409999,65535,23250,10809
6008.076344599947,65535,23251,10818
6008.104266299983,65535,23249,10819
6008.120255999966,65535,23249,10819
6008.13809839997,65535,23249,10819
6008.156642999966,65535,23250,10809
6008.17318319995,65535,23249,10818
6008.18903889996,65535,23249,10819
6008.203272399958,65535,23251,10819
6008.219436099986,65535,23252,10819
6008.235999599914,65535,23249,10818
6008.252222799929,65535,23252,10819
6008.268109999946,65535,23250,10806
6008.29636259994,65535,23250,10819
6008.312442599912,65535,23249,10819
6008.32891469996,65535,23250,10809
6008.346559699974,65535,23249,10818
6008.362939299899,65535,23249,10818
6008.37937339989,65535,23249,10818
6008.396472899942,65535,23247,10820
6008.412338599912,65535,23249,10821
6008.42885139992,65535,23250,10820
6008.443285899935,65535,23247,10819
6008.460182699957,65535,23248,10819
6008.488508399925,65535,23249,10820
6008.504568299977,65535,23249,10819
6008.521870299941,65535,23250,10819
6008.53985219996,65535,23249,10817
6008.556175399921,65535,23250,10808
6008.571875699912,65535,23250,10819
6008.587452499894,65535,23248,10817
6008.604604299995,65535,23250,10819
6008.620132599957,65535,23249,10818
6008.636736999964,65535,23248,10818
6008.652829099912,65535,23249,10811
6008.668551199953,65535,23249,10819
6008.697205899982,65535,23249,10819
6008.713161899941,65535,23252,10819
6008.731034599943,65535,23250,10819
6008.748140199925,65535,23250,10818
6008.76367549994,65535,23250,10819
6008.778771099984,65535,23250,10809
6008.793857099954,65535,23250,10818
6008.810079799965,65535,23250,10819
6008.82597009989,65535,23251,10821
6008.842211799929,65535,23252,10819
6008.858284699963,65535,23248,10819
6008.888797499938,65535,23251,10810
6008.904727899935,65535,23250,10819
6008.921572799911,65535,23248,10819
6008.940121899941,65535,23253,10819
6008.955670099938,65535,23249,10809
6008.9723443998955,65535,23251,10819
6008.988565499894,65535,23250,10820
6009.003295499948,65535,23250,10818
6009.020749099902,65535,23248,10819
6009.036150399945,65535,23249,10818
6009.05277729989,65535,23252,10819
6009.081393699977,65535,23252,10819
6009.097385399975,65535,23251,10820
6009.115024499944,65535,23250,10809
6009.132536899997,65535,23251,10819
6009.148447099957,65535,23251,10819
6009.165833599982,65535,23251,10809
6009.179482999956,65535,23252,10818
6009.195322899963,65535,23248,10818
6009.211610399885,65535,23250,10809
6009.227684399928,65535,23249,10818
6009.24425889994,65535,23249,10819
6009.260115299956,65535,23252,10817
6009.288938799989,65535,23250,10820
6009.304861899931,65535,23250,10819
6009.32191649999,65535,23251,10819
6009.368583699921,65535,23252,10809
6009.371701199911,65535,23253,10819
6009.373171899933,65535,23253,10820
6009.38689059997,65535,23252,10819
6009.402408499969,65535,23252,10818
6009.418710599886,65535,23253,10819
6009.436519899988,65535,23249,10818
6009.4531892999075,65535,23250,10818
6009.481639299891,65535,23249,10820
6009.496970299981,65535,23252,10818
6009.515200999915,65535,23248,10817
6014.5109364999225,65535,23263,10809
6019.534296699916,65535,23249,10819
6024.533200999955,65535,23250,10819
6029.542006799951,65535,23246,10818
6034.55468489998,65535,23244,10820
6039.561002199887,65535,23239,10818
6044.571030599996,65535,23235,10818
6049.570536699961,65535,23232,10819
6054.580329899909,65535,23231,10809
6059.587213199935,65535,23231,10819
6064.585883099935,65535,23225,10819
6069.59628529998,65535,23224,10819
6074.60771599994,65535,23226,10818
6079.617927599931,65535,23224,10808
6084.628362999996,65535,23222,10809
6089.636294299969,65535,23217,10809
6094.6465065999655,65535,23217,10819
6099.657601699932,65535,23214,10818
6104.651883899933,65535,23213,10807
6109.6916464999085,65535,23207,10819
6114.6875539999455,65535,23212,10819
6119.697506499942,65535,23211,10820
6124.710003299988,65535,23205,10819
6129.707734599942,65535,23202,10819
6134.7290759999305,65535,23202,10808
6139.740322999889,65535,23200,10819
6144.738478999934,65535,23199,10810
6149.745299899951,65535,23195,10819
6154.755524699925,65535,23196,10819
6159.753087899997,65535,23195,10820
6164.764805899933,65535,23194,10809
6169.774417999899,65535,23192,10818
6174.785049699945,65535,23190,10818
6179.7808625999605,65535,23191,10819
6184.79168289993,65535,23184,10819
6189.796785599901,65535,23183,10820
6194.8118766999105,65535,23180,10819
6199.819501399994,65535,23179,10810
6204.829577099998,65535,23177,10809
6209.843808299978,65535,23177,10820
6214.85442499991,65535,23172,10820
6219.865354199894,65535,23170,10819
6224.874253199901,65535,23169,10810
6229.885380299995,65535,23165,10819
6234.8927043,65535,23167,10819
6239.89200709993,65535,23163,10818
6244.90144539997,65535,23164,10820
6249.911362799932,65535,23158,10820
6254.907360899961,65535,23160,10818
6259.918086599908,65535,23155,10819
6264.927573299967,65535,23158,10821
6269.933473199955,65535,23154,10819
6274.93259979994,65535,23150,10819
6279.9396392999915,65535,23152,10810
6284.954056699993,65535,23150,10819
6289.964805099997,65535,23148,10820
6294.974856899935,65535,23150,10818
6299.970246399986,65535,23145,10819
6304.981045699911,65535,23146,10819
6309.9917246999685,65535,23147,10819
6315.001594499918,65535,23144,10819
6320.007991099963,65535,23146,10820
6325.017616599915,65535,23141,10818
6330.016605899902,65535,23141,10818
6335.027932999888,65535,23136,10820
6340.038228399935,65535,23139,10821
6345.043426299933,65535,23134,10816
6350.043399899965,65535,23131,10820
6355.053641999955,65535,23133,10810
6360.061744899955,65535,23134,10809
6365.069717399892,65535,23132,10819
6370.080161199905,65535,23133,10819
6375.079572999966,65535,23130,10819
6380.089920199942,65535,23127,10818
6385.100844599889,65535,23127,10819
6390.108222999959,65535,23128,10808
6395.1066482999595,65535,23127,10809
6400.115888599888,65535,23123,10818
6405.1111825999105,65535,23128,10820
6410.121578499908,65535,23120,10819
6415.131110499962,65535,23119,10820
6420.142414299888,65535,23116,10820
6425.148734399932,65535,23115,10819
6430.159136499977,65535,23112,10817
6435.173425499932,65535,23113,10810
6435.1903152999,65535,23114,10819
6435.205027799937,65535,23112,10819
6435.219857499935,65535,23113,10818
6435.235100199934,65535,23114,10819
6435.251528699999,65535,23114,10818
6435.266540699988,65535,23111,10820
6435.283533399925,65535,23114,10819
6435.312738199951,65535,23111,10820
6435.328933799989,65535,23113,10819
6435.346322999918,65535,23112,10819
6435.363731199992,65535,23114,10819
6435.380309299915,65535,23112,10821
6435.394639899954,65535,23112,10820
6435.411498099915,65535,23113,10819
6435.427400399931,65535,23112,10821
6435.444668499986,65535,23112,10819
6435.468170399894,65535,23113,10820
6435.489461699966,65535,23115,10821
6435.504861299996,65535,23113,10819
6435.521890499978,65535,23114,10820
6435.538961099926,65535,23114,10818
6435.556114899926,65535,23117,10817
6435.573234599899,65535,23112,10819
6435.589684499893,65535,23113,10821
6435.605920099886,65535,23112,10819
6435.621752999956,65535,23111,10820
6435.63777469995,65535,23113,10819
6435.665012099897,65535,23113,10818
6435.680937099969,65535,23113,10808
6435.697082399973,65535,23111,10819
6435.715855099959,65535,23109,10819
6435.733349899994,65535,23108,10819
6435.749331999919,65535,23116,10819
6435.765817399952,65535,23111,10820
6435.784168599988,65535,23110,10820
6435.796797599993,65535,23108,10820
6435.8124478999525,65535,23109,10818
6435.8290726999985,65535,23108,10818
6435.857150699943,65535,23107,10820
6435.873050899943,65535,23111,10820
6435.890395299997,65535,23106,10819
6435.906709199888,65535,23110,10819
6435.925024999888,65535,23111,10809
6435.941516699968,65535,23109,10820
6435.956999899936,65535,23111,10819
6435.973003099905,65535,23109,10820
6435.989422899904,65535,23110,10819
6436.00496969989,65535,23109,10820
6436.0218538999325,65535,23111,10819
6436.049147599959,65535,23110,10820
6436.065087699913,65535,23114,10819
6436.083102899953,65535,23115,10819
6436.101138299913,65535,23114,10819
6436.116744299885,65535,23109,10819
6436.133116799989,65535,23110,10819
6436.147853799979,65535,23111,10819
6436.163596799946,65535,23110,10821
6436.180040999898,65535,23112,10819
6436.195219599991,65535,23111,10819
6436.2132634999,65535,23108,10818
6436.241330599994,65535,23111,10819
6436.257235599915,65535,23113,10818
6436.274154299987,65535,23112,10819
6436.290814899956,65535,23112,10820
6436.307061099913,65535,23113,10819
6436.323030199972,65535,23114,10818
6436.338978199987,65535,23112,10808
6436.356877399958,65535,23113,10819
6436.371589999995,65535,23113,10817
6436.389499999932,65535,23114,10808
6436.4041064999765,65535,23111,10819
6436.433998499997,65535,23112,10809
6436.449927999987,65535,23110,10820
6436.467342399992,65535,23110,10820
6436.485882199951,65535,23108,10819
6436.502058099955,65535,23112,10819
6436.516396299936,65535,23109,10820
6436.531974899932,65535,23109,10820
6436.54845319991,65535,23110,10820
6436.563277399982,65535,23110,10818
6436.579753899947,65535,23110,10820
6436.596972099971,65535,23112,10819
6436.626033499953,65535,23109,10817
6436.641625299933,65535,23107,10808
6436.659121999983,65535,23110,10819
6436.67637989996,65535,23108,10818
6436.691698899958,65535,23109,10807
6436.707586399978,65535,23108,10819
6436.72360129992,65535,23109,10820
6436.743038299959,65535,23109,10809
6436.762212599977,65535,23111,10820
6436.7773776999675,65535,23110,10820
6436.789467799943,65535,23109,10819
6436.817473099916,65535,23110,10819
6436.83342489996,65535,23109,10819
6436.850946899969,65535,23110,10819
6436.867755699903,65535,23110,10819
6436.883665799978,65535,23112,10808
6436.902566899895,65535,23110,10818
6436.918764299946,65535,23109,10820
6436.934584899922,65535,23108,10819
6436.949996699928,65535,23110,10819
6436.966612899909,65535,23109,10817
6436.993568699923,65535,23113,10819
6437.009685799945,65535,23111,10819
6437.027218699921,65535,23110,10819
6437.046461599995,65535,23108,10820
6437.062459099921,65535,23108,10818
6437.078852599952,65535,23109,10819
6437.093186699902,65535,23112,10819
6437.109340399969,65535,23108,10810
6437.124893999891,65535,23107,10819
6437.141685699928,65535,23109,10820
6437.156410499942,65535,23108,10820
6437.185799299972,65535,23108,10819
6437.20175909996,65535,23108,10821
6437.217640899937,65535,23110,10808
6437.236967799952,65535,23106,10818
6437.252849399927,65535,23108,10818
6437.269350299961,65535,23108,10820
6437.286034799996,65535,23108,10819
6437.299587399932,65535,23109,10818
6437.315411599935,65535,23107,10808
6437.331451999955,65535,23108,10821
6437.347765299957,65535,23111,10820
6437.377872299985,65535,23110,10820
6437.393771999981,65535,23111,10819
6437.411570999888,65535,23109,10819
6437.428659899975,65535,23109,10818
6437.445242899936,65535,23108,10820
6437.46038319997,65535,23108,10820
6437.47750379995,65535,23108,10819
6437.492618499906,65535,23111,10819
6437.5101690999,65535,23112,10809
6437.525081099942,65535,23109,10819
6437.5424442999065,65535,23106,10818
6437.569970499957,65535,23107,10819
6437.586503399885,65535,23109,10819
6437.60376749991,65535,23108,10821
6437.622098999913,65535,23110,10821
6437.637992599979,65535,23109,10819
6437.653790199896,65535,23109,10819
6437.668495799997,65535,23112,10820
6437.683656799956,65535,23108,10819
6437.700381999952,65535,23108,10818
6437.716251299949,65535,23110,10821
6437.732862999896,65535,23110,10819
6437.761964599951,65535,23106,10817
6437.777866999968,65535,23108,10819
6437.794999899925,65535,23109,10818
6437.812299699988,65535,23109,10819
6437.828170499997,65535,23107,10818
6437.84454239998,65535,23109,10818
6437.860621799948,65535,23109,10809
6437.8771392999915,65535,23106,10820
6437.892652999959,65535,23111,10819
6437.908742999891,65535,23108,10809
6437.924127999926,65535,23109,10819
6437.940028199926,65535,23109,10818
6437.969965099939,65535,23109,10820
6437.986035399954,65535,23107,10819
6438.003962099901,65535,23108,10819
6438.020201399922,65535,23109,10818
6438.036382599967,65535,23108,10819
6438.054175799945,65535,23106,10818
6438.0684250999475,65535,23108,10819
6438.085198099958,65535,23107,10809
6438.1006931999,65535,23107,10820
6438.117707899888,65535,23108,10818
6438.146307399962,65535,23107,10820
6438.171101299929,65535,23108,10820
6438.189730599988,65535,23110,10819
6438.211307399906,65535,23106,10819
6438.217052599997,65535,23106,10819
6438.237040699925,65535,23108,10819
6438.244234699989,65535,23109,10820
6438.260234899935,65535,23109,10820
6438.276294799987,65535,23105,10821
6438.293397199945,65535,23107,10820
6438.322183099925,65535,23107,10819
6438.3382988999365,65535,23106,10819
6438.354233099963,65535,23108,10809
6438.372790699941,65535,23105,10818
6438.388891499955,65535,23106,10819
6438.406042599934,65535,23107,10820
6438.4225171,65535,23104,10819
6438.438765899977,65535,23106,10820
6438.455269299913,65535,23107,10819
6438.4708096999675,65535,23107,10819
6438.485834199935,65535,23103,10818
6438.514329699916,65535,23107,10809
6438.5303100999445,65535,23108,10819
6438.546440199949,65535,23108,10818
6438.566541999928,65535,23105,10820
6438.582679499988,65535,23106,10819
6438.59886509995,65535,23107,10820
6438.614978199941,65535,23103,10808
6438.631036499981,65535,23105,10820
6438.64660019998,65535,23107,10819
6438.66208109993,65535,23107,10821
6438.678800399997,65535,23106,10819
6438.694707499933,65535,23108,10820
6438.722517499933,65535,23108,10819
6438.738456399995,65535,23107,10818
6438.756557599991,65535,23108,10819
6438.774345699931,65535,23105,10819
6438.790462199948,65535,23108,10818
6438.806193299941,65535,23107,10821
6438.820217599976,65535,23107,10819
6438.836069499957,65535,23104,10818
6438.853150499985,65535,23105,10818
6438.868428399903,65535,23109,10809
6438.884170899983,65535,23108,10819
6438.914610099979,65535,23106,10819
6438.930498399888,65535,23104,10819
6438.947776599904,65535,23105,10819
6438.963877299917,65535,23105,10816
6438.980095199891,65535,23106,10809
6438.9972195999,65535,23105,10819
6439.0131978999125,65535,23106,10819
6444.024318699958,65535,23123,10819
6449.034926799941,65535,23116,10818
6454.043938499992,65535,23115,10820
6459.039465399925,65535,23114,10820
6464.049446299905,65535,23112,10810
6469.061047399999,65535,23110,10819
6474.071180299972,65535,23107,10820
6479.066206699936,65535,23109,10820
6484.07643799996,65535,23106,10818
6489.085207399912,65535,23108,10820
6494.081852299976,65535,23107,10820
6499.092346299905,65535,23105,10818
6504.1027057999745,65535,23105,10819
6509.113519199891,65535,23105,10818
6514.107350199949,65535,23102,10810
6519.116531499894,65535,23103,10820
6524.1291821999475,65535,23100,10820
6529.139451899915,65535,23104,10819
6534.133416399942,65535,23099,10820
6539.144438399933,65535,23097,10819
6544.137996099889,65535,23099,10819
6549.149804899935,65535,23095,10811
6554.160507799941,65535,23092,10810
6559.16788809991,65535,23094,10819
6564.1653784998925,65535,23096,10820
6569.175516399904,65535,23094,10820
6574.183587499894,65535,23093,10819
6579.1949788999045,65535,23095,10820
6584.191245199996,65535,23091,10821
6589.201726499945,65535,23088,10821
6594.210590299917,65535,23089,10820
6599.207271799911,65535,23094,10819
6604.217531199916,65535,23089,10819
6609.227817199891,65535,23090,10820
6614.238542599953,65535,23087,10809
6619.248873899924,65535,23088,10819
6624.259564599954,65535,23086,10820
6629.270110899932,65535,23084,10819
6634.280678399955,65535,23081,10818
6639.291259099962,65535,23081,10819
6644.301521999994,65535,23080,10819
6649.31214049994,65535,23079,10819
6654.320633399999,65535,23077,10809
6659.316233099904,65535,23076,10819
6664.327508699964,65535,23077,10819
6669.337507399963,65535,23077,10810
6674.348953299923,65535,23075,10820
6679.35952869989,65535,23076,10817
6684.369199299952,65535,23070,10809
6689.364509199979,65535,23070,10820
6694.389099399908,65535,23071,10819
6699.4018612999935,65535,23074,10820
6704.395940399962,65535,23073,10809
6709.419734199997,65535,23073,10821
6714.416029899963,65535,23072,10819
6719.424777699984,65535,23070,10821
6724.435253899894,65535,23066,10819
6729.432876799954,65535,23071,10820
6734.456310299924,65535,23070,10817
6739.453306399984,65535,23069,10820
6744.46435819997,65535,23067,10819
6749.474035499967,65535,23069,10820
6754.48544609989,65535,23070,10817
6759.47940699989,65535,23064,10820
6764.503565799911,65535,23070,10819
6769.51412149996,65535,23063,10810
6774.52681239997,65535,23066,10817
6779.538350399933,65535,23065,10818
6784.545519599924,65535,23065,10819
6789.542572899954,65535,23059,10819
6794.553633699892,65535,23067,10821
6799.5641638999805,65535,23060,10819
6804.574716399889,65535,23062,10820
6809.585085599916,65535,23058,10818
6814.594766799943,65535,23061,10820
6819.603118099971,65535,23063,10818
6824.6165351999225,65535,23063,10818
6829.625958199962,65535,23061,10818
6834.621429099934,65535,23058,10819
6839.632027099957,65535,23057,10819
6844.64266839996,65535,23055,10820
6849.650939799962,65535,23058,10819
6854.647537199897,65535,23054,10820
6859.65829599998,65535,23054,10810
6864.668176599895,65535,23053,10809
6864.687164399889,65535,23052,10819
6864.701458699885,65535,23052,10819
6864.729824299924,65535,23054,10809
6864.745747299981,65535,23052,10819
6864.761822499917,65535,23050,10818
6864.780721999938,65535,23049,10820
6864.797273099888,65535,23055,10819
6864.813300699927,65535,23050,10819
6864.830659199972,65535,23052,10821
6864.845642199973,65535,23047,10820
6864.860892699915,65535,23048,10818
6864.877090099966,65535,23045,10819
6864.893019899959,65535,23048,10819
6864.921992499963,65535,23048,10820
6864.9378930999665,65535,23050,10811
6864.9539846999105,65535,23049,10819
6864.973918799893,65535,23047,10808
6864.99092459993,65535,23049,10820
6865.004970499896,65535,23046,10818
6865.021957099903,65535,23049,10820
6865.035839499906,65535,23045,10819
6865.062474999926,65535,23048,10821
6865.0810823999345,65535,23049,10819
6865.096606899984,65535,23051,10818
6865.113920899923,65535,23047,10819
6865.129921999993,65535,23048,10820
6865.149839599966,65535,23048,10819
6865.167161499965,65535,23049,10820
6865.183671499952,65535,23050,10820
6865.198964199983,65535,23047,10819
6865.214279699954,65535,23048,10821
6865.230165899964,65535,23050,10819
6865.246672899928,65535,23050,10818
6865.262834199937,65535,23048,10820
6865.291978999972,65535,23049,10809
6865.30599569995,65535,23048,10818
6865.322042799904,65535,23048,10819
6865.3414770999225,65535,23047,10809
6865.358069299953,65535,23047,10820
6865.373937299941,65535,23050,10819
6865.389609799953,65535,23048,10820
6865.40555809997,65535,23048,10819
6865.422234199941,65535,23047,10819
6865.437506499933,65535,23052,10820
6865.453328899923,65535,23046,10819
6865.4826856999425,65535,23049,10822
6865.498249699944,65535,23047,10820
6865.517494699918,65535,23048,10820
6865.532506099902,65535,23047,10818
6865.549635799951,65535,23047,10819
6865.5664529999485,65535,23049,10811
6865.581373499939,65535,23049,10820
6865.599033699953,65535,23047,10820
6865.614696699893,65535,23047,10820
6865.630124899908,65535,23050,10820
6865.658403899986,65535,23049,10821
6865.674287699978,65535,23049,10820
6865.699203099939,65535,23047,10820
6865.719606399885,65535,23049,10820
6865.734850099892,65535,23046,10820
6865.739800999989,65535,23049,10819
6865.755987299955,65535,23047,10819
6865.772377099958,65535,23051,10820
6865.788781499956,65535,23050,10818
6865.804316199967,65535,23046,10820
6865.821147899958,65535,23047,10819
6865.850337599986,65535,23045,10820
6865.866398199927,65535,23048,10819
6865.884009299916,65535,23046,10810
6865.902456299984,65535,23046,10820
6865.919450699934,65535,23047,10820
6865.93447899993,65535,23047,10819
6865.9515438999515,65535,23046,10821
6865.966179499985,65535,23048,10820
6865.981563199894,65535,23049,10811
6865.997789899935,65535,23047,10818
6866.013485799893,65535,23047,10820
6866.042588799959,65535,23046,10821
6866.058488499955,65535,23048,10820
6866.078303399961,65535,23049,10819
6866.095107899979,65535,23045,10820
6866.110481799929,65535,23047,10819
6866.127189499908,65535,23046,10818
6866.14267719991,65535,23046,10810
6866.157912699971,65535,23046,10820
6866.173781799967,65535,23044,10819
6866.189402899938,65535,23044,10820
6866.204058599891,65535,23046,10820
6866.234601799981,65535,23044,10820
6866.25054509996,65535,23049,10820
6866.268761999905,65535,23047,10820
6866.2856191999745,65535,23045,10818
6866.301103599952,65535,23044,10808
6866.3166464999085,65535,23045,10821
6866.332322899951,65535,23044,10821
6866.348437399953,65535,23047,10818
6866.365798999905,65535,23044,10808
6866.381719499943,65535,23046,10819
6866.397014499991,65535,23044,10820
6866.426639399957,65535,23044,10819
6866.44279469992,65535,23045,10819
6866.458660199889,65535,23044,10811
6866.478003799915,65535,23044,10820
6866.494836699916,65535,23046,10820
6866.51015779993,65535,23045,10820
6866.526769899996,65535,23043,10818
6866.54182839999,65535,23044,10818
6866.557097299956,65535,23047,10818
6866.5737851999,65535,23046,10820
6866.589952799957,65535,23045,10819
6866.618749999907,65535,23049,10819
6866.634781099972,65535,23049,10820
6866.652973099961,65535,23048,10820
6866.669951599906,65535,23048,10810
6866.68697229994,65535,23048,10818
6866.702339099953,65535,23048,10819
6866.716384399915,65535,23047,10820
6866.732485199929,65535,23045,10820
6866.749527499895,65535,23045,10820
6866.766267200001,65535,23049,10821
6866.781677799998,65535,23045,10810
6866.810854599928,65535,23045,10820
6866.826834099949,65535,23048,10819
6866.844113899977,65535,23044,10818
6866.860300399945,65535,23046,10808
6866.876670799917,65535,23048,10820
6866.892794499989,65535,23047,10821
6866.9099422999425,65535,23044,10820
6866.926189999911,65535,23044,10821
6866.942768199951,65535,23045,10819
6866.95915349992,65535,23048,10819
6866.974703799933,65535,23048,10819
6867.0029986999,65535,23048,10809
6867.01882509992,65535,23044,10819
6867.034938399913,65535,23045,10819
6867.053535099956,65535,23044,10810
6867.0706051999005,65535,23046,10818
6867.086348899989,65535,23045,10820
6867.102435299894,65535,23044,10819
6867.116902199923,65535,23043,10819
6867.135188199929,65535,23046,10819
6867.150044199894,65535,23042,10819
6867.1660822998965,65535,23044,10809
6867.195175299887,65535,23045,10819
6867.211062799906,65535,23044,10819
6867.228855399997,65535,23043,10820
6867.246000599931,65535,23045,10820
6867.261201999965,65535,23043,10820
6867.277439999976,65535,23043,10819
6867.293761699926,65535,23045,10819
6867.309116499964,65535,23041,10818
6867.353551399894,65535,23043,10819
6867.363048699917,65535,23042,10819
6867.371158899972,65535,23043,10819
6867.387037899927,65535,23043,10819
6867.403045099927,65535,23044,10810
6867.420485499897,65535,23044,10819
6867.439583099913,65535,23042,10819
6867.455637899926,65535,23042,10820
6867.47137039993,65535,23047,10820
6867.4880842999555,65535,23045,10820
6867.503780399915,65535,23046,10820
6867.5200296998955,65535,23045,10817
6867.535299399984,65535,23046,10808
6867.563140999991,65535,23045,10818
6867.579248399939,65535,23045,10821
6867.597237099893,65535,23045,10819
6867.6157580999425,65535,23046,10818
6867.632822699961,65535,23047,10820
6867.648246799945,65535,23045,10819
6867.663567399955,65535,23045,10820
6867.679867099971,65535,23045,10809
6867.69582569995,65535,23041,10818
6867.711292199907,65535,23045,10820
6867.728130899952,65535,23043,10819
6867.741391699994,65535,23043,10819
6867.771334799938,65535,23044,10810
6867.787326099933,65535,23043,10820
6867.8059135999065,65535,23043,10819
6867.821723999921,65535,23044,10818
6867.838317799964,65535,23043,10808
6867.852786299889,65535,23044,10819
6867.8704320999095,65535,23042,10820
6867.88545349997,65535,23041,10809
6867.901158299996,65535,23044,10819
6867.918900099932,65535,23043,10819
6867.935291699949,65535,23043,10819
6867.963537599891,65535,23043,10820
6867.979978699936,65535,23044,10808
6867.997586099897,65535,23044,10819
6868.015344699961,65535,23043,10819
6868.030981499935,65535,23046,10819
6868.048520799959,65535,23044,10810
6868.061542699928,65535,23044,10819
6868.07892349991,65535,23044,10818
6868.095495299902,65535,23045,10819
6868.1104850999545,65535,23045,10820
6868.127418299904,65535,23041,10819
6868.155510199955,65535,23045,10818
6868.171613599989,65535,23044,10818
6868.188112999895,65535,23041,10818
6868.206725599943,65535,23044,10821
6868.220859199995,65535,23042,10819
6868.237453699927,65535,23042,10821
6868.255313699949,65535,23044,10818
6868.270985399955,65535,23044,10820
6868.286722399993,65535,23044,10820
6868.302803999977,65535,23041,10819
6868.3181729998905,65535,23044,10820
6868.347621399909,65535,23044,10820
6868.363504999899,65535,23041,10819
6868.381340499967,65535,23043,10819
6868.397632299922,65535,23044,10820
6868.4142919000005,65535,23043,10821
6868.431539799902,65535,23043,10819
6868.448127299896,65535,23043,10818
6868.4635072998935,65535,23042,10818
6868.479399199947,65535,23043,10819
6868.4950408999575,65535,23042,10820
6868.524005499901,65535,23043,10821
6868.540262499941,65535,23044,10820
6873.539600999909,65535,23058,10819
6878.5495239999145,65535,23052,10819
6883.5610058999155,65535,23051,10820
6888.570799999987,65535,23053,10819
6893.580887899967,65535,23049,10819
6898.587762499927,65535,23050,10818
6903.58689799998,65535,23050,10818
6908.597450399888,65535,23051,10818
6913.591226799996,65535,23051,10819
6918.602058299934,65535,23044,10809
6923.612700399943,65535,23043,10811
6928.622677599895,65535,23045,10821
6933.632637599949,65535,23047,10819
6938.639971199911,65535,23045,10821
6943.65421129996,65535,23040,10822
6948.665180599899,65535,23042,10819
6953.676101299934,65535,23039,10820
6958.686186099891,65535,23042,10819
6963.697543199989,65535,23038,10808
6968.7078189998865,65535,23038,10820
6973.71847569989,65535,23039,10810
6978.727974799927,65535,23041,10821
6983.722199599957,65535,23040,10820
6988.733386699925,65535,23039,10818
6993.728427999886,65535,23040,10819
6998.7388983999845,65535,23036,10809
7003.747915699962,65535,23037,10809
7008.755349599989,65535,23039,10819
7013.765999499941,65535,23036,10819
7018.764702199958,65535,23038,10820
7023.770940499962,65535,23034,10819
7028.7697296999395,65535,23032,10820
7033.791184599977,65535,23032,10819
7038.790345199988,65535,23031,10820
7043.798287999933,65535,23032,10820
7048.807473899913,65535,23030,10819
7053.805570899975,65535,23034,10819
7058.815429399954,65535,23026,10821
7063.827059499919,65535,23029,10819
7068.822135199909,65535,23028,10821
7073.844128699973,65535,23027,10820
7078.842071999912,65535,23032,10810
7083.85297519993,65535,23028,10820
7088.865078399889,65535,23028,10810
7093.870395999984,65535,23028,10819
7098.869183999952,65535,23029,10820
7103.880541499937,65535,23030,10809
7108.874304299941,65535,23029,10819
7113.885685199988,65535,23028,10818
7118.87873389991,65535,23026,10820
7123.890039699967,65535,23028,10819
7128.89573619992,65535,23026,10820
7133.907589199953,65535,23023,10819
7138.904626499978,65535,23021,10808
7143.91632609989,65535,23022,10810
7148.926576299942,65535,23026,10821
7153.937206599978,65535,23027,10818
7158.946959399967,65535,23023,10819
7163.969692999963,65535,23023,10819
7168.968775199959,65535,23025,10809
7173.990638799965,65535,23026,10819
7178.990427899989,65535,23028,10820
7184.000634799944,65535,23026,10820
7189.011115399888,65535,23020,10819
7194.02153379994,65535,23025,10810
7199.031953799888,65535,23022,10821
7204.0369540998945,65535,23024,10818
7209.036740199896,65535,23021,10820
7214.047528199968,65535,23024,10820
7219.057284199982,65535,23020,10810
7224.067947699921,65535,23018,10810
7229.078226999962,65535,23020,10819
7234.07351919997,65535,23020,10821
7239.083824299974,65535,23019,10819
7244.08998239995,65535,23018,10819
7249.1013744999655,65535,23014,10820
7254.099036399974,65535,23018,10818
7259.1098016999895,65535,23018,10819
7264.115123399999,65535,23016,10818
7269.1153708999045,65535,23016,10820
7274.1253825998865,65535,23014,10820
7279.135726299952,65535,23019,10819
7284.14672389999,65535,23016,10819
7289.141258899937,65535,23017,10821
7294.151464799885,65535,23011,10820
7294.16654539993,65535,23012,10821
7294.194284299971,65535,23008,10818
7294.2107891999185,65535,23012,10820
7294.228085499955,65535,23012,10820
7294.247137599974,65535,23011,10819
7294.275734799914,65535,23010,10820
7294.291771199903,65535,23009,10820
7294.294865099946,65535,23007,10820
7294.310630999971,65535,23008,10821
7294.324828899931,65535,23011,10820
7294.340684999945,65535,23008,10819
7294.358538499917,65535,23010,10810
7294.386423299904,65535,23010,10818
7294.402634899947,65535,23008,10820
7294.4184547999175,65535,23010,10810
7294.4386344999075,65535,23008,10822
7294.455440199934,65535,23010,10820
7294.471046299906,65535,23011,10820
7294.487417099997,65535,23008,10820
7294.502605699934,65535,23008,10819
7294.518489499926,65535,23010,10821
7294.535350599908,65535,23009,10821
7294.550859599956,65535,23009,10819
7294.578671999974,65535,23007,10819
7294.5946235999,65535,23008,10819
7294.614513699897,65535,23010,10820
7294.6305059998995,65535,23009,10820
7294.64745989989,65535,23009,10820
7294.662759199971,65535,23008,10821
7294.678416299983,65535,23007,10819
7294.695794599946,65535,23009,10821
7294.709007399972,65535,23007,10819
7294.726056999993,65535,23009,10820
7294.754611399956,65535,23007,10820
7294.770781799918,65535,23005,10821
7294.787636399968,65535,23007,10809
7294.804475399898,65535,23007,10821
7294.8205433998955,65535,23008,10820
7294.83661109989,65535,23008,10818
7294.853422699962,65535,23007,10821
7294.869227399933,65535,23008,10819
7294.88492709992,65535,23006,10819
7294.902561799972,65535,23006,10819
7294.9410069999285,65535,23007,10820
7294.95808329992,65535,23009,10821
7294.96281279996,65535,23006,10819
7294.979951799964,65535,23008,10820
7294.997298899922,65535,23009,10819
7295.014922199887,65535,23008,10819
7295.030927199987,65535,23003,10821
7295.0478884999175,65535,23006,10821
7295.0641206,65535,23007,10820
7295.079304799903,65535,23007,10819
7295.0951586999,65535,23005,10820
7295.111394599895,65535,23006,10819
7295.139080699999,65535,23008,10820
7295.1549171999795,65535,23006,10818
7295.172604399966,65535,23008,10819
7295.1891592999455,65535,23007,10820
7295.205900399946,65535,23006,10819
7295.221324699931,65535,23005,10820
7295.236746799899,65535,23005,10820
7295.252617199905,65535,23003,10821
7295.268335099914,65535,23003,10819
7295.284999599913,65535,23003,10820
7295.314968099934,65535,23006,10819
7295.331086299964,65535,23006,10818
7295.348231499898,65535,23004,10820
7295.3651521999855,65535,23006,10809
7295.380957599962,65535,23007,10820
7295.397551299888,65535,23006,10819
7295.41348889994,65535,23006,10820
7295.429852399975,65535,23003,10819
7295.4461448999355,65535,23006,10819
7295.46230429993,65535,23007,10819
7295.491158199962,65535,23008,10821
7295.507098499918,65535,23007,10818
7295.5230723998975,65535,23006,10819
7295.5429669999285,65535,23005,10818
7295.559873299906,65535,23004,10819
7295.573526999913,65535,23009,10811
7295.589905499946,65535,23006,10820
7295.60730969999,65535,23007,10820
7295.622864199919,65535,23005,10820
7295.63902839995,65535,23004,10819
7295.6552291999105,65535,23005,10820
7295.66968349996,65535,23005,10818
7295.699184699915,65535,23006,10819
7295.715200499981,65535,23006,10820
7295.734775699908,65535,23002,10819
7295.7519871999975,65535,23006,10819
7295.767564299982,65535,23005,10819
7295.781880999915,65535,23003,10819
7295.797673899913,65535,23004,10820
7295.813119399943,65535,23004,10819
7295.829081099946,65535,23005,10819
7295.845327199902,65535,23005,10810
7295.86161189992,65535,23004,10819
7295.891300099902,65535,23006,10820
7295.907833099947,65535,23007,10810
7295.925408199895,65535,23006,10819
7295.943241499946,65535,23004,10820
7295.95916139998,65535,23006,10819
7295.97408049996,65535,23006,10821
7295.991176099982,65535,23005,10819
7296.006099499995,65535,23006,10811
7296.023556899978,65535,23006,10820
7296.04063459998,65535,23005,10819
7296.067676199949,65535,23006,10819
7296.083799899905,65535,23005,10820
7296.106961999903,65535,23006,10820
7296.138242499903,65535,23006,10820
7296.1412384998985,65535,23006,10819
7296.149655599962,65535,23006,10810
7296.166157799889,65535,23005,10820
7296.181868799962,65535,23006,10820
7296.1978803999955,65535,23007,10819
7296.214140799944,65535,23005,10819
7296.232487299945,65535,23003,10818
7296.259527199902,65535,23003,10809
7296.275562199997,65535,23005,10818
7296.291479399893,65535,23005,10810
7296.311020899913,65535,23006,10819
7296.327212899923,65535,23003,10809
7296.3422940999735,65535,23006,10820
7296.358576999977,65535,23006,10820
7296.376103299903,65535,23005,10809
7296.391011099913,65535,23005,10820
7296.408751199953,65535,23004,10820
7296.423752199975,65535,23005,10819
7296.4520814999705,65535,23004,10821
7296.467782099964,65535,23005,10819
7296.483752199914,65535,23005,10820
7296.503032099921,65535,23005,10821
7296.518928799895,65535,23005,10811
7296.53571909992,65535,23006,10820
7296.552194699994,65535,23003,10810
7296.568373099901,65535,23004,10820
7296.5843895999715,65535,23007,10820
7296.5981754999375,65535,23007,10820
7296.615340799908,65535,23003,10819
7296.643739399966,65535,23005,10819
7296.659749899991,65535,23004,10820
7296.677574299974,65535,23005,10821
7296.695749699953,65535,23004,10820
7296.711871999898,65535,23005,10821
7296.72819049994,65535,23005,10809
7296.74253259995,65535,23004,10819
7296.759849499911,65535,23003,10819
7296.773481099983,65535,23007,10821
7296.791012499947,65535,23003,10819
7296.805082199979,65535,23000,10810
7296.822750499938,65535,23000,10818
7296.851777699892,65535,23007,10809
7296.867839499959,65535,23003,10819
7296.8851385999005,65535,23002,10818
7296.902879199944,65535,23002,10810
7296.919239499955,65535,23005,10820
7296.934006999945,65535,23004,10819
7296.950489399955,65535,23004,10820
7296.965565799968,65535,23004,10820
7296.983435699949,65535,23005,10820
7296.999386199983,65535,23006,10820
7297.015563499997,65535,23003,10819
7297.043873399962,65535,23005,10819
7297.059909099946,65535,23003,10810
7297.077295299969,65535,23003,10819
7297.095002799993,65535,23003,10818
7297.112245199969,65535,23003,10819
7297.128120199894,65535,23005,10818
7297.143995799939,65535,23002,10819
7297.159713399946,65535,23001,10819
7297.175904999953,65535,23004,10810
7297.189547099988,65535,23005,10819
7297.208638199954,65535,23002,10820
7297.236046499922,65535,23004,10818
7297.25245489995,65535,23007,10820
7297.269678899902,65535,23007,10819
7297.286765599973,65535,23006,10820
7297.302519299905,65535,23004,10819
7297.318161699921,65535,23002,10820
7297.3338962999405,65535,23004,10820
7297.34936569992,65535,23005,10820
7297.366076299921,65535,23002,10811
7297.382367199985,65535,23005,10820
7297.4120979999425,65535,23003,10820
7297.428686199943,65535,23003,10821
7297.44408549997,65535,23003,10820
7297.463587399921,65535,23003,10820
7297.480329199927,65535,23003,10819
7297.496074899915,65535,23002,10820
7297.510600899928,65535,23004,10820
7297.527799099917,65535,23003,10819
7297.543151699938,65535,23002,10819
7297.5599522999255,65535,23001,10818
7297.576191699947,65535,23004,10810
7297.604492799961,65535,23002,10821
7297.620151699986,65535,23002,10820
7297.638164099888,65535,23002,10820
7297.655401399941,65535,22999,10819
7297.670218099956,65535,23003,10820
7297.688246599981,65535,23004,10819
7297.721495599952,65535,23003,10819
7297.724115699995,65535,23004,10821
7297.739515299909,65535,22999,10819
7297.7587658999255,65535,23002,10819
7297.7802146999165,65535,23003,10818
7297.796326399897,65535,22998,10819
7297.812259499915,65535,23002,10808
7297.830868199933,65535,23003,10820
7297.8471073999535,65535,23003,10819
7297.864492899971,65535,23001,10820
7297.880474499892,65535,23001,10809
7297.8955859999405,65535,23000,10820
7297.910267399973,65535,23004,10820
7297.9284033,65535,23002,10820
7297.944206799963,65535,23003,10818
7297.972335299943,65535,23001,10821
7297.9883926999755,65535,23003,10819
7298.00646789989,65535,23003,10819
7298.0232792999595,65535,23004,10809
7298.040480899974,65535,23003,10819
7303.047987799975,65535,23021,10820
7308.058355099987,65535,23016,10820
7313.0550725999055,65535,23015,10820
7318.07869809994,65535,23012,10820
7323.076184899895,65535,23010,10818
7328.086208099965,65535,23011,10819
7333.096979299909,65535,23011,10820
7338.105532599962,65535,23011,10808
7343.117318399949,65535,23006,10819
7348.129019899992,65535,23010,10820
7353.139454899938,65535,23011,10820
7358.149526099907,65535,23013,10819
7363.1440031999955,65535,23013,10820
7368.154612299986,65535,23009,10811
7373.149680299917,65535,23008,10819
7378.160068499972,65535,23011,10821
7383.170729699894,65535,23009,10819
7388.180953399977,65535,23008,10820
7393.174694699934,65535,23008,10819
7398.184862999944,65535,23006,10818
7403.1794330999255,65535,23007,10822
7408.190683099907,65535,23005,10820
7413.198258899967,65535,23006,10820
7418.195316699916,65535,23004,10820
7423.205042999936,65535,23007,10810
